瘤痢,瘤痢疙,老矫,乞闭扁柯(∑C),老碍荐樊(mm),乞闭 浅加(m/s),乞闭 惑措嚼档(%),钦拌 老炼矫埃(hr),钦拌 老荤樊(MJ/m2)
192,柳林,2017-01-01,1.6,0,0.4,71.9,7.9,7.07
192,柳林,2017-01-02,4.4,,0.5,72.8,6.9,6.47
192,柳林,2017-01-03,2.5,,0.4,68.4,6.6,6.96
192,柳林,2017-01-04,1.8,,0.2,71.9,6.4,5.65
192,柳林,2017-01-05,4.5,,0.9,68.1,2,3.85
192,柳林,2017-01-06,5.7,,1.2,60.5,7.6,7.32
192,柳林,2017-01-07,3.8,0,0.4,69.9,2.3,4.25
192,柳林,2017-01-08,6.9,2.9,0.7,76.4,3.3,5.04
192,柳林,2017-01-09,4.7,,1.7,57.4,7.5,7.03
192,柳林,2017-01-10,0.8,,1.1,55.8,8.7,8.37
192,柳林,2017-01-11,-0.1,,1.4,33,8.6,7.67
192,柳林,2017-01-12,0.8,,1.4,55.3,6.9,7.57
192,柳林,2017-01-13,-0.2,,2,44.9,7.3,6.54
192,柳林,2017-01-14,-2.8,,3,34.3,8.8,8.76
192,柳林,2017-01-15,-2.8,,1.4,32.4,8.9,8.85
192,柳林,2017-01-16,-2.4,,0.9,39.8,8.8,8.71
192,柳林,2017-01-17,-1.8,,0.4,50,4.5,5.53
192,柳林,2017-01-18,1.2,,0.9,49.4,6.6,6.57
192,柳林,2017-01-19,-0.5,,0.4,59.1,7.6,6.61
192,柳林,2017-01-20,-0.6,,2.5,50.1,7.1,6.31
192,柳林,2017-01-21,-1.9,,1.2,55.1,7.9,7.13
192,柳林,2017-01-22,-0.7,,2.5,42.4,8.8,8.93
192,柳林,2017-01-23,-3.5,,1.8,39.8,9,9.12
192,柳林,2017-01-24,-3.4,,1.2,44.1,9.2,9.66
192,柳林,2017-01-25,-3.1,,0.5,49,9.2,9.7
192,柳林,2017-01-26,-0.2,,0.8,45.8,9,9.49
192,柳林,2017-01-27,4.7,,1.9,33.6,6.6,8.51
192,柳林,2017-01-28,1.9,,0.7,45.1,8.8,9.22
192,柳林,2017-01-29,3.6,4.6,0.6,80.9,0.1,1.1
192,柳林,2017-01-30,1.5,0.6,2.7,47.9,8.9,9.47
192,柳林,2017-01-31,-1.1,,0.6,50.9,9.4,9.43
192,柳林,2017-02-01,0.9,,1.8,34.6,7.6,8.89
192,柳林,2017-02-02,0.6,,1.1,37.9,9.5,10.77
192,柳林,2017-02-03,1.1,,0.6,48.8,8.4,8.27
192,柳林,2017-02-04,5.7,1.7,0.7,49.1,3.5,6.29
192,柳林,2017-02-05,6.3,2.7,1.5,67.3,4.6,7.16
192,柳林,2017-02-06,2.1,,1.9,40.9,9.6,10.33
192,柳林,2017-02-07,1.2,,0.6,49.8,5.1,7.56
192,柳林,2017-02-08,2.9,,0.9,45.5,0.6,4.79
192,柳林,2017-02-09,0.1,,3,31.5,8.6,10.65
192,柳林,2017-02-10,-2.4,,2.6,35.9,9.9,10.83
192,柳林,2017-02-11,-1,,2.1,37.4,9.9,11.04
192,柳林,2017-02-12,-0.6,,0.8,48.9,10,11.75
192,柳林,2017-02-13,1.8,,0.7,50,9.4,9.85
192,柳林,2017-02-14,2.2,,0.9,49.5,10.1,11.36
192,柳林,2017-02-15,2.2,,0.5,49.6,10,10.84
192,柳林,2017-02-16,6.7,2.5,1,66.6,8.9,9.92
192,柳林,2017-02-17,10.2,0.4,2.2,44.1,8.6,9.67
192,柳林,2017-02-18,2.9,,1.6,19.6,10,11.85
192,柳林,2017-02-19,3.7,,0.9,50.6,8.5,9.93
192,柳林,2017-02-20,7.4,0.4,2.7,45.3,6.9,9.13
192,柳林,2017-02-21,1.6,,0.6,48.3,9.8,11.6
192,柳林,2017-02-22,3.4,30.1,0.4,84.5,0.1,0.85
192,柳林,2017-02-23,4.1,,2.6,42.6,7.1,9.99
192,柳林,2017-02-24,2.5,,2.2,31.1,10.5,12.72
192,柳林,2017-02-25,2.3,,0.8,49.6,10.4,12.14
192,柳林,2017-02-26,3,,0.7,54.5,9.9,9.78
192,柳林,2017-02-27,5.1,,0.8,60.1,8.8,11.29
192,柳林,2017-02-28,5.1,,0.8,55.9,10.4,12.04
192,柳林,2017-03-01,6.5,0.6,1,61.3,7.5,10.01
192,柳林,2017-03-02,4.5,1.3,2.5,50.6,10.4,12.53
192,柳林,2017-03-03,4,,0.9,48.6,10.5,13.2
192,柳林,2017-03-04,5.6,,0.9,57.8,9.8,12.1
192,柳林,2017-03-05,6.3,,0.7,59.4,5.7,8.68
192,柳林,2017-03-06,4.7,,2.5,32.6,10.2,13.65
192,柳林,2017-03-07,1.2,,2,35.4,9.9,13.58
192,柳林,2017-03-08,1,,1.7,47.5,10.4,13.52
192,柳林,2017-03-09,5.1,,2.4,37.5,10.7,13.5
192,柳林,2017-03-10,5.6,,1,42,10.7,13.91
192,柳林,2017-03-11,6.3,,0.9,41.9,10.6,13.27
192,柳林,2017-03-12,8.3,,0.9,49.3,9,12.61
192,柳林,2017-03-13,9.3,,1.2,47.8,8.4,11.42
192,柳林,2017-03-14,8.4,,1.8,43.4,10.5,13.81
192,柳林,2017-03-15,5.5,,1.1,43,10.9,14.17
192,柳林,2017-03-16,6.5,,1,56,6.7,10.01
192,柳林,2017-03-17,6.5,,1,49.5,10.9,13.93
192,柳林,2017-03-18,7.1,,0.7,51.3,5.6,8.84
192,柳林,2017-03-19,8.5,,1,53.8,10.3,13.51
192,柳林,2017-03-20,7.1,7.9,0.8,75.4,0,3.35
192,柳林,2017-03-21,9.2,2.3,1.6,54.4,10.6,14.01
192,柳林,2017-03-22,6.9,,0.8,55.4,4.8,10.4
192,柳林,2017-03-23,9.3,,0.8,49.4,4.6,9.1
192,柳林,2017-03-24,8.1,0,1,61.3,0.7,6.4
192,柳林,2017-03-25,6.3,10.9,1,85.1,0.1,2.66
192,柳林,2017-03-26,6.5,0.7,1.1,78.4,4,9.07
192,柳林,2017-03-27,5.6,,1.2,60.8,8,10.99
192,柳林,2017-03-28,7.4,0.6,1.1,55.6,9.5,13.21
192,柳林,2017-03-29,7,4.5,0.8,86.6,0.2,1.88
192,柳林,2017-03-30,10.6,,1.2,62.4,8.7,14.47
192,柳林,2017-03-31,9.9,2.6,1.1,69.9,1.8,6.82
192,柳林,2017-04-01,7.7,0.6,1.1,78.9,2.9,8.04
192,柳林,2017-04-02,8.4,,1.4,58.8,9.6,14.24
192,柳林,2017-04-03,11,,1.1,45.9,11.6,16.26
192,柳林,2017-04-04,12.6,,1.1,43.5,10.3,14.77
192,柳林,2017-04-05,13.4,48.5,1.3,77.4,0.4,2.39
192,柳林,2017-04-06,15.6,15.7,1.5,86.4,0.2,2.73
192,柳林,2017-04-07,15,,1.2,69.5,8.5,14.38
192,柳林,2017-04-08,16.3,,0.9,62.6,10.3,15.46
192,柳林,2017-04-09,14.9,,1.7,56.4,4,8.77
192,柳林,2017-04-10,13.5,0.1,2.2,45.3,7.9,14.27
192,柳林,2017-04-11,13.2,11.5,1.7,59,6.7,11.61
192,柳林,2017-04-12,14,,2.4,23,9.8,14.98
192,柳林,2017-04-13,13.7,,1.6,42.5,11.7,15.21
192,柳林,2017-04-14,15.2,0,2.1,49,9,12.73
192,柳林,2017-04-15,18,0,1.9,59.8,10.7,15.35
192,柳林,2017-04-16,16.8,,1,62,9.8,15.89
192,柳林,2017-04-17,14.2,16.5,0.8,88.6,0.1,1.16
192,柳林,2017-04-18,14.7,0,1.9,60.4,9,14.52
192,柳林,2017-04-19,14.6,,1.8,36.1,12.2,17.27
192,柳林,2017-04-20,13,0.2,1,52.6,2.3,7.21
192,柳林,2017-04-21,14.3,,1,56.1,8.1,14.93
192,柳林,2017-04-22,12.5,0,0.9,68,8.8,13.48
192,柳林,2017-04-23,14.1,,1.3,63.4,10.8,16.83
192,柳林,2017-04-24,14.6,,1.2,59.9,9.6,16.85
192,柳林,2017-04-25,17.3,0.1,1.3,68.1,4.8,10.61
192,柳林,2017-04-26,14.7,1.7,0.9,71.6,3.7,8.05
192,柳林,2017-04-27,14.7,,2,29.5,9.5,15.71
192,柳林,2017-04-28,15.4,,2,38.8,12.1,17.2
192,柳林,2017-04-29,17.6,,1.5,41,12.3,17.27
192,柳林,2017-04-30,19.6,,1.5,45.6,11.5,15.76
192,柳林,2017-05-01,17.1,,1.4,52.6,11.7,16.11
192,柳林,2017-05-02,15.7,,0.9,49.6,9.2,15.19
192,柳林,2017-05-03,16.6,,1,54.3,12.5,17.78
192,柳林,2017-05-04,17.9,0.6,1.1,61,10.2,14.53
192,柳林,2017-05-05,17.5,4,0.6,88.3,0.2,3.97
192,柳林,2017-05-06,17.6,,1.2,41.9,7,14.46
192,柳林,2017-05-07,17.6,,1.7,40.6,12.3,17.37
192,柳林,2017-05-08,17.7,,1,50.3,5.3,10.81
192,柳林,2017-05-09,13.6,25.3,1,88,0.1,1.63
192,柳林,2017-05-10,16.6,0.1,1.1,74.8,5.3,10.04
192,柳林,2017-05-11,19.9,,1.3,61.6,9.1,15.39
192,柳林,2017-05-12,17,9.1,0.8,85.4,0,2.19
192,柳林,2017-05-13,18.2,,1.3,68.8,10.2,16.87
192,柳林,2017-05-14,17.2,,1.4,42.9,12.9,18.79
192,柳林,2017-05-15,16,,1.1,49,11.4,16.56
192,柳林,2017-05-16,16.5,,1,60.6,8.6,14.65
192,柳林,2017-05-17,17.1,,0.9,60.5,10.8,16.44
192,柳林,2017-05-18,18.8,,0.9,58,12.4,18.32
192,柳林,2017-05-19,20.3,,1,53.8,13,18.69
192,柳林,2017-05-20,19.6,,1.1,52.6,10.6,15.96
192,柳林,2017-05-21,19.3,,1,59.8,9,14.56
192,柳林,2017-05-22,19.6,,1.2,56.6,13,18.65
192,柳林,2017-05-23,18.9,,1,67.6,6.3,12.91
192,柳林,2017-05-24,20.2,3.9,1.1,73.9,5,11.04
192,柳林,2017-05-25,21.5,,1.9,51.9,11,18.44
192,柳林,2017-05-26,17.4,,1.6,43.8,13.3,19.78
192,柳林,2017-05-27,17.5,,1.3,54.1,13.3,19.24
192,柳林,2017-05-28,18.7,,1.2,58,12.4,17.27
192,柳林,2017-05-29,23.5,,1,51.6,12.2,17.94
192,柳林,2017-05-30,23.4,,0.8,51.6,8.2,14
192,柳林,2017-05-31,21.3,0.8,1.4,69.3,7.4,13.78
192,柳林,2017-06-01,23.4,,1.6,58.1,8.8,14.48
192,柳林,2017-06-02,20,,1.8,49.3,13.2,19.1
192,柳林,2017-06-03,21.1,0,1.5,47,11.7,18.43
192,柳林,2017-06-04,19.8,,1.2,46.8,13.1,19.76
192,柳林,2017-06-05,19.5,,1.3,50.5,9.7,15.99
192,柳林,2017-06-06,17.2,10.7,0.9,68.6,0.1,5.38
192,柳林,2017-06-07,19.6,12.6,1.8,72.3,2.9,9.7
192,柳林,2017-06-08,21.3,,1.2,54.6,13.2,19.79
192,柳林,2017-06-09,22.6,,1.4,49.6,11.8,18.29
192,柳林,2017-06-10,22,,1.4,63.8,5.8,13.01
192,柳林,2017-06-11,20.6,2.3,1.5,59,7.2,14.87
192,柳林,2017-06-12,19,,1.4,56.5,7.7,13.86
192,柳林,2017-06-13,18.8,0.3,1.2,65.8,6.5,13.32
192,柳林,2017-06-14,20.9,,1.4,61.1,12.9,19.61
192,柳林,2017-06-15,23.3,,1.2,48.8,12.9,18.62
192,柳林,2017-06-16,21.8,,1.2,57.6,12.5,17.35
192,柳林,2017-06-17,22,,1.3,54.4,12.2,17.49
192,柳林,2017-06-18,22.6,,1.2,58,12.5,18.04
192,柳林,2017-06-19,24.1,,1.4,54.5,12.2,17.52
192,柳林,2017-06-20,21.2,10.3,1,73.3,0.2,5.31
192,柳林,2017-06-21,22.5,,1.3,66.6,7.5,14.33
192,柳林,2017-06-22,23.5,,1.3,62.9,10.9,17.31
192,柳林,2017-06-23,23.8,,1.1,62.9,6.7,11.22
192,柳林,2017-06-24,23.1,,1.2,64.3,5.9,16.62
192,柳林,2017-06-25,23.3,0.5,1.3,71.5,5.3,13.57
192,柳林,2017-06-26,21.7,10.5,0.9,84.5,0,4.13
192,柳林,2017-06-27,22.8,0,1,70.1,1.2,11.07
192,柳林,2017-06-28,23.4,,1.1,66.6,9.1,18.9
192,柳林,2017-06-29,22,4.8,0.8,78.8,0.3,7.27
192,柳林,2017-06-30,24.1,0,1.1,75.9,2.6,11.97
192,柳林,2017-07-01,25.9,,1.8,74,3.2,13.3
192,柳林,2017-07-02,26,1.4,1.5,79.3,0.6,8.01
192,柳林,2017-07-03,26.6,0.3,1.6,72.6,2.1,9.47
192,柳林,2017-07-04,26.1,1.9,1.2,80.5,3.9,13.38
192,柳林,2017-07-05,25.8,17.6,1.2,81.8,6.2,15.67
192,柳林,2017-07-06,24.8,5.2,1,89.6,0.1,6.28
192,柳林,2017-07-07,25.2,0.3,0.9,90.4,0.6,7.86
192,柳林,2017-07-08,25.5,7.1,1,91.9,0.9,6.4
192,柳林,2017-07-09,26.8,,1.2,84.3,7.2,16.33
192,柳林,2017-07-10,26.9,0,1.9,85.8,0.6,7.36
192,柳林,2017-07-11,26.1,0,1.7,78.5,0.9,10.18
192,柳林,2017-07-12,27.4,,1.2,75.6,11.2,20.71
192,柳林,2017-07-13,26.8,,1.1,78.3,10.4,20.76
192,柳林,2017-07-14,26.7,0,1.2,81.9,3.8,13.16
192,柳林,2017-07-15,27,0,1.2,80,0.3,8.22
192,柳林,2017-07-16,28.8,,1.8,73.6,8.9,17.84
192,柳林,2017-07-17,26.6,4.8,1.2,83.1,2,9.87
192,柳林,2017-07-18,26.7,1.9,0.9,83.6,2.5,11.38
192,柳林,2017-07-19,27.8,,1,73.5,9,17.14
192,柳林,2017-07-20,28.5,,1.1,78.1,9.2,18.17
192,柳林,2017-07-21,30.2,,1.4,73.5,10.5,17.83
192,柳林,2017-07-22,30,,1.3,72.9,10.3,18.33
192,柳林,2017-07-23,29,,1.2,78.5,0.1,9.81
192,柳林,2017-07-24,29.7,0.1,0.9,79.4,5.4,13.11
192,柳林,2017-07-25,27.3,17.2,0.9,87.4,1.9,8.24
192,柳林,2017-07-26,26.1,,1.3,69.9,7.4,16.07
192,柳林,2017-07-27,25.7,,1.2,64.1,12.8,22.1
192,柳林,2017-07-28,27.2,,1,68,10.2,19.08
192,柳林,2017-07-29,25.9,,1,80.9,0,5.4
192,柳林,2017-07-30,26.8,,1.2,78.6,4.4,13.87
192,柳林,2017-07-31,26.2,38.2,0.8,87,0.2,7.89
192,柳林,2017-08-01,27.3,,1.2,81.5,7.8,17.69
192,柳林,2017-08-02,26.9,,1.1,81.5,4.3,12.59
192,柳林,2017-08-03,27.5,,1.4,71.8,12.2,19.76
192,柳林,2017-08-04,28.9,,1.2,71,11.1,17.7
192,柳林,2017-08-05,29.6,,1.4,68.9,12,19.93
192,柳林,2017-08-06,30.9,,1.2,62.5,12.2,19.54
192,柳林,2017-08-07,30.5,,1.4,60.3,12.3,19.07
192,柳林,2017-08-08,28,0,1,70.5,4.1,11.46
192,柳林,2017-08-09,26.7,0.2,0.8,87,0.6,6.08
192,柳林,2017-08-10,28.8,,1.4,72.4,7.4,18.29
192,柳林,2017-08-11,26.6,28.8,1.2,78.8,6.1,14.11
192,柳林,2017-08-12,25.8,0,1.1,76.3,6.9,14.35
192,柳林,2017-08-13,24.1,1.6,1,76.1,0.1,7.19
192,柳林,2017-08-14,22,48.5,0.7,96.6,0,1.52
192,柳林,2017-08-15,22.8,5.7,0.5,95.4,0,2.41
192,柳林,2017-08-16,26.3,0.8,0.7,85.5,5.4,12.54
192,柳林,2017-08-17,26.8,0.8,0.8,80,6.7,16.75
192,柳林,2017-08-18,26.6,0,1.1,77.4,8.2,16.91
192,柳林,2017-08-19,25.7,12.8,0.9,85.3,1.3,8.28
192,柳林,2017-08-20,24.8,26.2,0.9,91.3,1.3,6.92
192,柳林,2017-08-21,25.3,20.2,1.1,90.8,3.4,10.14
192,柳林,2017-08-22,26.1,8.1,1,88.8,4.9,10.85
192,柳林,2017-08-23,28.3,11.6,1.3,77.3,9.9,17.17
192,柳林,2017-08-24,29.4,0.3,2.2,68.3,9.6,14.35
192,柳林,2017-08-25,27.6,0.8,1.1,66.9,6.2,12.61
192,柳林,2017-08-26,23.6,,0.9,54.5,12.1,20.67
192,柳林,2017-08-27,22.9,,0.8,61.8,12.1,19.79
192,柳林,2017-08-28,24.9,,1,71,8.6,15.43
192,柳林,2017-08-29,26.9,0,1.5,55.6,9.8,17.77
192,柳林,2017-08-30,22.3,,1.6,45.8,4.4,12.9
192,柳林,2017-08-31,21.9,,1.1,59.8,9.9,17.46
192,柳林,2017-09-01,22.7,,1.5,50.8,10.5,19.18
192,柳林,2017-09-02,20.2,,1,63,6.1,13.1
192,柳林,2017-09-03,21.5,,1.1,61,11,18.86
192,柳林,2017-09-04,21.8,,0.9,69.5,4.3,11.13
192,柳林,2017-09-05,21.5,0.7,0.9,76.3,0.1,4.82
192,柳林,2017-09-06,20.8,32.3,0.6,86.4,0,3.49
192,柳林,2017-09-07,20.6,1,0.5,81,3.7,8.51
192,柳林,2017-09-08,22.3,,0.5,73.8,9.6,18.46
192,柳林,2017-09-09,22.2,,0.7,70.8,8.8,14.67
192,柳林,2017-09-10,22.6,,0.9,68.8,6.4,14.31
192,柳林,2017-09-11,20.9,74.4,0.8,87.5,0,3.28
192,柳林,2017-09-12,22.9,,0.8,70.5,11.2,18.19
192,柳林,2017-09-13,20.6,,0.9,62.9,11.3,18.76
192,柳林,2017-09-14,20.3,,1.2,65.5,10.4,17.89
192,柳林,2017-09-15,20,,1.5,58.8,2.2,10.38
192,柳林,2017-09-16,21.5,,2.1,56.8,1,8.18
192,柳林,2017-09-17,22.2,,2.4,65.9,1.1,6.59
192,柳林,2017-09-18,20.8,,0.7,71,9.5,15.38
192,柳林,2017-09-19,21.7,,1,70.6,7.7,12.18
192,柳林,2017-09-20,20.6,,0.9,65.4,3,8.5
192,柳林,2017-09-21,18.2,,0.7,70,9.9,14.77
192,柳林,2017-09-22,19.3,,0.7,70,9,15.61
192,柳林,2017-09-23,19.6,,0.7,69.3,7.5,12.49
192,柳林,2017-09-24,20.5,,0.8,69.8,9.3,14.62
192,柳林,2017-09-25,21.7,,0.8,72.5,9.4,14.78
192,柳林,2017-09-26,22.1,,1,65,10.6,15.36
192,柳林,2017-09-27,19.2,8.2,1.4,81.5,0,3.36
192,柳林,2017-09-28,20.1,,1.1,63,8.6,15.01
192,柳林,2017-09-29,15.8,,0.8,58.3,10.2,16.12
192,柳林,2017-09-30,15.7,,0.7,59.3,10.6,16.83
192,柳林,2017-10-01,14.9,25.3,0.7,81.1,0.1,3.37
192,柳林,2017-10-02,21.1,37.4,0.8,79.8,1.2,7.08
192,柳林,2017-10-03,20.7,10.8,1,75.6,7.6,12.85
192,柳林,2017-10-04,18.6,,1.4,67,5.9,12.31
192,柳林,2017-10-05,16.9,2.9,1.1,68.6,0.4,5.94
192,柳林,2017-10-06,16.2,7.8,0.6,87.3,0,3.13
192,柳林,2017-10-07,18.8,0,0.7,82.4,3.6,9.33
192,柳林,2017-10-08,20.4,,0.7,75.4,8.9,14.79
192,柳林,2017-10-09,20.9,,0.7,75,10.5,14.14
192,柳林,2017-10-10,21.6,,0.6,78.3,7.2,13.34
192,柳林,2017-10-11,21.1,,1,72.8,2.1,6.18
192,柳林,2017-10-12,14.4,18.6,1.2,79.1,0,1.1
192,柳林,2017-10-13,14.3,,1.1,58.9,10.4,15.39
192,柳林,2017-10-14,15.8,,1.2,50.1,6.3,11.93
192,柳林,2017-10-15,14.7,2.8,0.8,75.8,0.5,4.86
192,柳林,2017-10-16,15.6,,1.3,66.1,0.1,4.09
192,柳林,2017-10-17,14.9,,0.7,75.4,3.6,7.46
192,柳林,2017-10-18,15.9,0,1.4,61.9,0.1,4.41
192,柳林,2017-10-19,16.6,,1.2,61.4,4.8,10.58
192,柳林,2017-10-20,15.9,,0.9,68.6,9.4,13.04
192,柳林,2017-10-21,15.7,,1.4,62.9,9.8,12.83
192,柳林,2017-10-22,17.7,,3.4,45.4,9.6,12.56
192,柳林,2017-10-23,14.9,,1.4,48.4,9.3,12.95
192,柳林,2017-10-24,11.4,0.1,0.5,76.4,3.3,5.54
192,柳林,2017-10-25,11.3,,0.5,72.5,9.9,12.88
192,柳林,2017-10-26,11.8,,0.6,73.6,6.1,10.26
192,柳林,2017-10-27,13.1,,0.7,69.8,9.5,11.75
192,柳林,2017-10-28,16.1,,1,69.9,2.3,6.76
192,柳林,2017-10-29,15.1,,2.2,48.1,9.7,11.33
192,柳林,2017-10-30,9,,1.4,39.9,9.8,13.55
192,柳林,2017-10-31,8.1,,0.9,58,9.7,12.99
192,柳林,2017-11-01,9.9,,0.7,61.9,9.7,12.53
192,柳林,2017-11-02,11,,0.5,74,9,9.74
192,柳林,2017-11-03,12.1,,0.8,65.5,7.3,10.05
192,柳林,2017-11-04,8.8,,1.4,51.5,9.6,12.16
192,柳林,2017-11-05,6.7,,0.6,67.4,9.5,12.2
192,柳林,2017-11-06,8.2,,0.7,71,9.2,11.66
192,柳林,2017-11-07,13,,0.6,74.9,4.7,7.01
192,柳林,2017-11-08,15.3,,1.3,53.8,6.8,9.8
192,柳林,2017-11-09,9.8,,0.6,61.4,9.3,10.98
192,柳林,2017-11-10,12.7,,1.8,61.1,5.5,7.35
192,柳林,2017-11-11,8.6,,1.9,36.5,9.4,11.81
192,柳林,2017-11-12,5.6,,0.6,58.9,8.8,9.79
192,柳林,2017-11-13,8.1,,0.6,68.1,5.9,8.18
192,柳林,2017-11-14,10.2,,1.1,47.9,9,9.76
192,柳林,2017-11-15,6.1,,1.2,49,8.9,9.7
192,柳林,2017-11-16,3.4,,0.7,64.4,9.1,10.69
192,柳林,2017-11-17,5.9,,0.5,60.8,5.8,7.28
192,柳林,2017-11-18,5.3,,2.8,28.3,8.9,10.68
192,柳林,2017-11-19,3.4,,1.7,33.3,7.8,10.45
192,柳林,2017-11-20,4.5,,0.8,43.6,9,10.22
192,柳林,2017-11-21,2.7,,0.7,67.6,8.9,10.7
192,柳林,2017-11-22,6.5,,1.1,60.6,2.3,5.07
192,柳林,2017-11-23,3.5,0,1.6,47.6,5.4,7.07
192,柳林,2017-11-24,2.3,,1.9,56.1,8.7,9.43
192,柳林,2017-11-25,2.9,,0.7,70.8,7.2,8.47
192,柳林,2017-11-26,7.2,,1.2,69.1,6.3,6.87
192,柳林,2017-11-27,5.2,,0.4,74.3,6.9,7.81
192,柳林,2017-11-28,8.4,,0.8,77.9,5.9,6.97
192,柳林,2017-11-29,9.4,,0.7,55.6,4.8,6.05
192,柳林,2017-11-30,6.1,,2.3,22.1,6.3,8.64
192,柳林,2017-12-01,1.2,,1.9,31,8.3,10.18
192,柳林,2017-12-02,-0.6,,0.6,54.5,7.7,8.33
192,柳林,2017-12-03,2.4,,0.5,68.8,8.1,9.13
192,柳林,2017-12-04,3.3,,1.8,53.6,7.3,7.43
192,柳林,2017-12-05,-1.4,,1.4,47.1,8.6,9.66
192,柳林,2017-12-06,-0.2,,0.7,61.1,7.5,8.93
192,柳林,2017-12-07,2,0,1,64,5.2,5.95
192,柳林,2017-12-08,0.7,,2.3,35,8.5,9.83
192,柳林,2017-12-09,0.9,,1.3,57.3,6.8,8.01
192,柳林,2017-12-10,3.8,1.2,1.3,69.4,4.5,5.59
192,柳林,2017-12-11,0.6,,2.4,39.9,8,8.55
192,柳林,2017-12-12,-2.7,,2,30.8,8.1,9.39
192,柳林,2017-12-13,-3.2,,1.5,34.8,8.5,9.85
192,柳林,2017-12-14,-2.9,,0.5,36.1,7.4,8.06
192,柳林,2017-12-15,-0.3,,0.6,37.1,7.1,8.07
192,柳林,2017-12-16,0,,2,40.8,7.7,8.1
192,柳林,2017-12-17,-2.3,,1.5,42,8.4,9.49
192,柳林,2017-12-18,0.7,0,1.1,56.9,8.3,9.35
192,柳林,2017-12-19,-0.1,,1.5,51.6,8,9.21
192,柳林,2017-12-20,-1.9,,0.7,52,6.4,5.45
192,柳林,2017-12-21,-1.1,,0.6,60.1,8.4,7.11
192,柳林,2017-12-22,-0.9,,0.4,60.4,8.4,7.02
192,柳林,2017-12-23,0.9,,0.4,71.4,7.1,5.63
192,柳林,2017-12-24,5.3,12.8,1.6,67.9,1.9,1.98
192,柳林,2017-12-25,2,,1.7,38.4,8.4,7.2
192,柳林,2017-12-26,0.4,,2.2,44.1,6.2,5.32
192,柳林,2017-12-27,-1.4,,1.4,30.8,8.5,7.4
192,柳林,2017-12-28,-1.6,,0.7,52.9,3.8,4.48
192,柳林,2017-12-29,2.1,,1,66.3,8.1,6.09
192,柳林,2017-12-30,1.7,,0.5,75.9,0.1,1.92
192,柳林,2017-12-31,3.7,0,1.8,43,8.4,6.75
192,柳林,2018-01-01,0.9,,1.5,47.9,8.4,7.13
192,柳林,2018-01-02,0.7,,0.7,56.9,8.1,6.7
192,柳林,2018-01-03,2,,1.5,26.5,8.6,7.35
192,柳林,2018-01-04,1.4,,1,32.1,4,4.79
192,柳林,2018-01-05,2.4,,1.3,37.9,7.1,6.54
192,柳林,2018-01-06,-0.3,,0.8,52.3,8.5,7.64
192,柳林,2018-01-07,-0.3,0.9,0.5,61.9,1,2.81
192,柳林,2018-01-08,3.2,1.5,1.1,81.4,0,1.23
192,柳林,2018-01-09,1.8,,2.6,45,7.7,6.81
192,柳林,2018-01-10,-1.7,0.5,2.3,57.3,4.3,4.31
192,柳林,2018-01-11,-5.4,,1.5,46.5,8.7,7.78
192,柳林,2018-01-12,-6.4,,1.4,47.5,8.7,8.14
192,柳林,2018-01-13,,,0.9,,1.9,0.96
192,柳林,2018-01-14,-1.1,,0.6,72.5,6.4,6.01
192,柳林,2018-01-15,3.8,,0.8,65.6,8.8,7.24
192,柳林,2018-01-16,2.9,22.9,0.6,85.6,0,0.87
192,柳林,2018-01-17,4.5,4.1,0.8,87.4,3.4,3.9
192,柳林,2018-01-18,2.9,,0.5,80.3,5.9,5.88
192,柳林,2018-01-19,1,,0.6,68.8,8.2,7.38
192,柳林,2018-01-20,0,,0.5,64.3,8.5,7.11
192,柳林,2018-01-21,1.1,,0.6,61.3,6.9,6.11
192,柳林,2018-01-22,4.7,0,1.3,53.4,3.7,4.32
192,柳林,2018-01-23,-3.1,,2.2,39.4,9,8.03
192,柳林,2018-01-24,-6.6,,2.3,30.5,9.2,8.17
192,柳林,2018-01-25,-5.6,,2,22.4,7.9,8.14
192,柳林,2018-01-26,-5.7,,1.7,23.1,9.2,8.91
192,柳林,2018-01-27,-4.7,,0.9,37.1,9.2,8.6
192,柳林,2018-01-28,0.5,,1.4,33.6,7.5,7.72
192,柳林,2018-01-29,-2.9,,2.2,34,9.3,8.52
192,柳林,2018-01-30,-4.1,,0.9,46.4,8.5,8.18
192,柳林,2018-01-31,-1.8,,0.6,55,5.3,5.73
192,柳林,2018-02-01,-1.2,,0.7,50.5,9.3,9.01
192,柳林,2018-02-02,-1.9,,0.5,40.4,5.8,6.25
192,柳林,2018-02-03,-3.6,,2.3,41.5,9.4,9.28
192,柳林,2018-02-04,-4.5,,2.7,29,9.5,9.45
192,柳林,2018-02-05,-5,,2.3,35.1,9.1,8.34
192,柳林,2018-02-06,-5.3,,2.7,30.5,9.7,9.54
192,柳林,2018-02-07,-6.1,,0.9,43.9,9.7,10.02
192,柳林,2018-02-08,-3.7,,0.7,44,9.6,8.97
192,柳林,2018-02-09,3,,1.2,48.6,7.3,7.9
192,柳林,2018-02-10,3.3,,1.7,43,4.6,6.28
192,柳林,2018-02-11,-1.4,,2.4,42.4,7.2,8.57
192,柳林,2018-02-12,-1.8,,2.4,46.5,9,9.35
192,柳林,2018-02-13,0.3,,1.5,44,10.1,10.1
192,柳林,2018-02-14,5.1,,1.6,60.8,5.8,7.21
192,柳林,2018-02-15,5,,1,49,6.3,6.96
192,柳林,2018-02-16,3.4,,0.8,30.9,5.2,6.63
192,柳林,2018-02-17,2.5,,1.6,22.3,9.4,10.8
192,柳林,2018-02-18,3.1,,0.8,26.3,7.1,7.74
192,柳林,2018-02-19,4.3,,0.6,39.4,4.2,6.22
192,柳林,2018-02-20,4.3,,0.7,39.8,8.7,8.08
192,柳林,2018-02-21,2.9,,1.2,21.1,0,4.57
192,柳林,2018-02-22,0.3,,0.9,39.4,10,9.8
192,柳林,2018-02-23,2.7,0,1.3,59.4,7.9,8.72
192,柳林,2018-02-24,5.5,,0.8,60.4,9.1,9.27
192,柳林,2018-02-25,6.2,,0.7,61.3,4,6.62
192,柳林,2018-02-26,4.5,,0.8,53.1,10.4,11.36
192,柳林,2018-02-27,5.6,,0.9,61.4,8.9,9.09
192,柳林,2018-02-28,5.9,30.8,1.1,78.8,0,0.97
192,柳林,2018-03-01,5.2,,2.8,41.8,9.3,10.97
192,柳林,2018-03-02,2.9,,1.1,43.3,10.4,11.76
192,柳林,2018-03-03,6.9,,1,64.9,8,9.54
192,柳林,2018-03-04,9.4,13.1,0.8,85.9,0,2.4
192,柳林,2018-03-05,6.8,6,1.8,82.3,0.3,1.95
192,柳林,2018-03-06,6,,1.4,58.3,10.6,12.33
192,柳林,2018-03-07,4.7,12.7,1.4,69,0,2.52
192,柳林,2018-03-08,4.7,38.7,1.7,78.1,2,4.15
192,柳林,2018-03-09,5.3,,0.8,68.8,2.8,6.31
192,柳林,2018-03-10,6.3,,1.1,67.1,9.8,11.59
192,柳林,2018-03-11,6.2,,0.8,61,10.5,11.86
192,柳林,2018-03-12,7.6,,1.1,66.3,10.4,11.62
192,柳林,2018-03-13,10.2,,1.2,71,8.9,11.65
192,柳林,2018-03-14,13.3,,1.3,72.4,8.6,11.86
192,柳林,2018-03-15,14.3,43.5,0.8,91.8,0,1.22
192,柳林,2018-03-16,6.8,3.8,2.3,65,2.6,5.98
192,柳林,2018-03-17,4.9,,1.2,60.8,10.7,13.18
192,柳林,2018-03-18,6.8,9.7,0.7,83.3,0.1,3.76
192,柳林,2018-03-19,9,40.4,1.6,89.6,0,1.13
192,柳林,2018-03-20,5.6,1.4,3.6,54.4,2.6,7.62
192,柳林,2018-03-21,1.9,9.9,2.2,81.9,0,2.75
192,柳林,2018-03-22,6,,0.9,61.1,9.3,13.16
192,柳林,2018-03-23,6.4,,0.9,60,11,13.71
192,柳林,2018-03-24,8.7,,0.9,59.9,10.2,11.88
192,柳林,2018-03-25,10.8,,1.1,62.3,10.5,13.04
192,柳林,2018-03-26,11.5,,0.9,58.6,11.1,12.99
192,柳林,2018-03-27,12.3,,1.1,58.6,11.1,13.16
192,柳林,2018-03-28,13.4,,1.2,61.1,10.7,13.74
192,柳林,2018-03-29,14.1,,0.9,66.4,8.8,11.61
192,柳林,2018-03-30,12.3,,1.3,58.1,9.8,12.58
192,柳林,2018-03-31,12.4,,1.1,52.4,10.4,12.66
192,柳林,2018-04-01,14.9,,1.1,66,5.6,9.63
192,柳林,2018-04-02,16.3,,1.3,75.8,8.3,11.96
192,柳林,2018-04-03,17.4,,1.5,75.8,7.2,11.87
192,柳林,2018-04-04,14.1,15.7,1.6,86.3,0.1,2.34
192,柳林,2018-04-05,8.9,4.9,1.1,88.6,0,1.4
192,柳林,2018-04-06,10.4,17.1,2.7,55.3,6.8,17.86
192,柳林,2018-04-07,6,,2.8,37.6,9.3,19.08
192,柳林,2018-04-08,8.5,0,2.3,51.5,11,22.27
192,柳林,2018-04-09,12.9,,1.4,53.8,11.4,23.31
192,柳林,2018-04-10,13.6,,1.8,69.6,8.1,18.36
192,柳林,2018-04-11,19.1,0.2,2.2,39.1,10.6,23.76
192,柳林,2018-04-12,13.7,,1.1,39.5,5.6,16.27
192,柳林,2018-04-13,12.4,0,1.6,39,0.5,9.45
192,柳林,2018-04-14,10.2,34.8,1.2,78.3,0,2.77
192,柳林,2018-04-15,13.1,,2.1,43.8,11.2,23.01
192,柳林,2018-04-16,11.5,,1.3,58.4,9.2,20.57
192,柳林,2018-04-17,12.8,,1.1,63.6,10.3,22.82
192,柳林,2018-04-18,13.4,,1.1,59.3,11.9,25.25
192,柳林,2018-04-19,14.5,,1,57.9,11.1,25.04
192,柳林,2018-04-20,16.4,,1,53.4,11.7,24.41
192,柳林,2018-04-21,16.5,,1.2,62.6,10.7,25.13
192,柳林,2018-04-22,16,0.4,1.1,80.5,0.2,5.37
192,柳林,2018-04-23,11.2,45.8,1.1,91.6,0,1.49
192,柳林,2018-04-24,12.4,8.9,1.7,80.1,0,6.21
192,柳林,2018-04-25,13.4,,1.3,52.8,12.4,26.82
192,柳林,2018-04-26,14.2,,0.9,61.4,10.6,22.02
192,柳林,2018-04-27,16.1,,1.1,58.3,11.1,24
192,柳林,2018-04-28,15.4,,1.2,70,11,24.79
192,柳林,2018-04-29,16,,1.4,65.8,11.5,25.21
192,柳林,2018-04-30,17.7,,1.2,72.1,9.1,20.72
192,柳林,2018-05-01,16.7,0.2,0.8,82.5,0,8
192,柳林,2018-05-02,16.3,3.2,1.1,88.6,0.8,5.1
192,柳林,2018-05-03,13.3,,3.4,45.3,11.4,24.26
192,柳林,2018-05-04,15.1,,2.8,36.1,12.7,27.46
192,柳林,2018-05-05,16.9,,1.9,51.3,11.5,24.63
192,柳林,2018-05-06,16.9,16.2,0.9,90.8,0,2.87
192,柳林,2018-05-07,16,24.4,0.9,88.9,0.2,6.98
192,柳林,2018-05-08,14.9,,2,65.1,2.5,13.54
192,柳林,2018-05-09,14.1,,1.6,60,8.3,22.55
192,柳林,2018-05-10,15.8,,1.3,64.8,11.2,26.83
192,柳林,2018-05-11,16.5,,1.2,60.3,10.3,24.66
192,柳林,2018-05-12,17,7.1,0.9,78,0.2,6.08
192,柳林,2018-05-13,19.6,7.9,1.2,73.8,6.8,18.02
192,柳林,2018-05-14,19,,1.1,64.4,12.1,25.85
192,柳林,2018-05-15,20.4,0.3,1,72.4,7.8,21.45
192,柳林,2018-05-16,21,3.3,1.1,93.4,0,1.95
192,柳林,2018-05-17,21.6,1.8,1.3,91.6,0.8,7.54
192,柳林,2018-05-18,21.2,1.4,1.7,83,3.1,15.28
192,柳林,2018-05-19,15.5,0.5,2.1,63.6,4.6,16.42
192,柳林,2018-05-20,15.6,,2.2,53.6,8.3,21.92
192,柳林,2018-05-21,17.2,,1.5,64,3.6,17.54
192,柳林,2018-05-22,17.7,7.8,1.1,69.8,7.5,20.94
192,柳林,2018-05-23,19.9,17.4,1.5,60.5,11,27.61
192,柳林,2018-05-24,18.9,,1,56.5,12.9,28.36
192,柳林,2018-05-25,19.2,,0.9,56.3,8.2,21.27
192,柳林,2018-05-26,19.9,,1.1,58.6,13.1,28.1
192,柳林,2018-05-27,20.3,,1.1,66.3,5.7,18.25
192,柳林,2018-05-28,19,2.8,0.6,86.3,0.7,8.22
192,柳林,2018-05-29,21.9,0,0.9,75.8,7,22.07
192,柳林,2018-05-30,22.1,,1.2,76.5,6.1,18.86
192,柳林,2018-05-31,19.7,,1.1,60.3,10,22.51
192,柳林,2018-06-01,21.4,,1.2,56.6,12.7,27.86
192,柳林,2018-06-02,23,,1.1,57.6,13,28.09
192,柳林,2018-06-03,22,,1.1,64.8,9.9,24.36
192,柳林,2018-06-04,22.2,,1.2,63.9,9.1,23.79
192,柳林,2018-06-05,19.8,1.5,0.8,80.8,1.9,10.77
192,柳林,2018-06-06,22.3,,1.1,68.1,10,25.08
192,柳林,2018-06-07,23.2,,1.3,66.9,11.2,26.98
192,柳林,2018-06-08,23.5,,1,67.5,9.7,22.34
192,柳林,2018-06-09,22.7,0,1.8,59.9,4.6,15.97
192,柳林,2018-06-10,19.6,1.4,1.8,68.5,0,9.96
192,柳林,2018-06-11,17.7,32.3,1,82.8,0.4,7.88
192,柳林,2018-06-12,18.5,19.4,0.9,83,1.3,9.28
192,柳林,2018-06-13,20.1,,1.1,73.4,3.9,15.11
192,柳林,2018-06-14,20.1,,1.6,69.1,8.2,21.19
192,柳林,2018-06-15,19.7,,1.9,59.3,9.9,22.81
192,柳林,2018-06-16,19.3,,1.7,61.9,9.2,26.41
192,柳林,2018-06-17,20.4,,1,68.6,7.9,21.09
192,柳林,2018-06-18,23,,1.2,66.4,9.3,25.12
192,柳林,2018-06-19,21.3,8.4,0.9,80.8,0.5,9.46
192,柳林,2018-06-20,23.2,0,1.1,70.6,9.6,24.28
192,柳林,2018-06-21,23.6,,1.1,60.9,12.4,28.83
192,柳林,2018-06-22,22.6,,0.9,60.1,7.3,21.61
192,柳林,2018-06-23,22.5,0,1.2,68.4,6.4,17.6
192,柳林,2018-06-24,25,,1,62,12.6,26.55
192,柳林,2018-06-25,24.6,,1.2,65,10.2,22.89
192,柳林,2018-06-26,23.1,0.3,1.2,84.4,0,4.03
192,柳林,2018-06-27,25,12,1.8,79.5,4.7,14.6
192,柳林,2018-06-28,21.9,91.9,1.4,89.5,0,4.32
192,柳林,2018-06-29,24.1,2.9,1.2,81.3,5,17.78
192,柳林,2018-06-30,21.2,37.6,0.7,91,0,2.24
192,柳林,2018-07-01,23.6,53.5,1.3,83.9,3.3,15.71
192,柳林,2018-07-02,24.8,57.4,1,84.6,0.7,11.69
192,柳林,2018-07-03,23.6,14.4,1.6,84,0,4.07
192,柳林,2018-07-04,26.4,0,1.2,72.9,7.8,22.55
192,柳林,2018-07-05,23.5,81.9,0.8,86.4,0.3,7.13
192,柳林,2018-07-06,21.2,4.9,1.2,83.8,0,4.08
192,柳林,2018-07-07,21.3,,2.1,64.3,1.7,15.36
192,柳林,2018-07-08,20.6,,1.8,68.4,1.8,12.81
192,柳林,2018-07-09,19.3,23.4,0.6,89.4,0,3.15
192,柳林,2018-07-10,24,,0.4,82,0.9,13.28
192,柳林,2018-07-11,26.6,,1,75.6,10.2,23.55
192,柳林,2018-07-12,27,,1.3,75.6,10.4,23.67
192,柳林,2018-07-13,27.5,,1,75,9.6,24.67
192,柳林,2018-07-14,28.2,,1,72.1,11.6,26.63
192,柳林,2018-07-15,28.1,,1,69.9,13.2,27.23
192,柳林,2018-07-16,27.9,,1.1,69.5,13,26.71
192,柳林,2018-07-17,27.3,,1.1,70.9,10.8,25.99
192,柳林,2018-07-18,27.9,,1,69.1,11.6,26.4
192,柳林,2018-07-19,28.1,,0.9,67.4,12.4,26.95
192,柳林,2018-07-20,28.6,,0.8,67,12.3,25.85
192,柳林,2018-07-21,29.1,,0.9,65.9,12.5,25.9
192,柳林,2018-07-22,27.8,,0.9,71,6.3,19.6
192,柳林,2018-07-23,28.6,,1.1,69.1,11.8,25.62
192,柳林,2018-07-24,28.8,,1.3,71.8,13,26.4
192,柳林,2018-07-25,29.4,,1.2,69,12.8,26.64
192,柳林,2018-07-26,30.6,,1,62.6,12.1,26.38
192,柳林,2018-07-27,30,0.4,1,71.1,9.3,22.06
192,柳林,2018-07-28,28.6,,1.1,77.9,3.8,13.54
192,柳林,2018-07-29,30.5,,1.9,54.5,12.2,24.86
192,柳林,2018-07-30,28.1,4.9,1.6,71,6.6,17.62
192,柳林,2018-07-31,28.4,,1.2,65.1,10.3,20.43
192,柳林,2018-08-01,29.1,,1.1,62.4,12,24.43
192,柳林,2018-08-02,29.4,,1.6,61.9,12.6,25.13
192,柳林,2018-08-03,28.9,,1.3,67.4,12.3,25.16
192,柳林,2018-08-04,29.3,,1.2,71.6,11.7,23.42
192,柳林,2018-08-05,30.6,,1,60.6,12.1,24.42
192,柳林,2018-08-06,30,0,1.2,66.8,8.8,20.88
192,柳林,2018-08-07,28.4,0.1,1.2,73.9,3.9,13.76
192,柳林,2018-08-08,27.9,3.5,0.9,77.5,6.5,20.52
192,柳林,2018-08-09,28.8,0,1,75.1,7.5,19.66
192,柳林,2018-08-10,27.1,1.6,1.1,81.9,1.7,10.82
192,柳林,2018-08-11,26.6,0,1,77.3,0.3,9.05
192,柳林,2018-08-12,27.4,0.1,0.8,74.1,3.2,12.17
192,柳林,2018-08-13,29.2,,1.1,67.1,10.9,23.65
192,柳林,2018-08-14,29.1,,1,65,12,22.73
192,柳林,2018-08-15,28.6,0.1,1.3,68.5,7,17.02
192,柳林,2018-08-16,25.6,29.7,1.5,80.9,1.1,10.25
192,柳林,2018-08-17,24.2,,1.7,60.1,5.6,16.81
192,柳林,2018-08-18,23.1,,1,65.4,10.2,23.33
192,柳林,2018-08-19,24.1,,0.9,68.5,11.3,22.93
192,柳林,2018-08-20,24.8,,1,68.5,11.5,23.58
192,柳林,2018-08-21,26.6,,1.1,65.5,12.4,25.42
192,柳林,2018-08-22,28.9,,2.4,62.4,7.6,18.85
192,柳林,2018-08-23,26.4,17.7,3.1,79.5,0,4.33
192,柳林,2018-08-24,27.8,5.4,3.2,66.5,7.3,16.78
192,柳林,2018-08-25,24.5,0.3,0.9,79.6,0.6,9.57
192,柳林,2018-08-26,22.2,70.5,0.8,90.4,0,2.29
192,柳林,2018-08-27,23.7,46,0.5,92.4,0.1,3.4
192,柳林,2018-08-28,26.1,0.1,1,81.5,9.2,21.13
192,柳林,2018-08-29,26.4,0,1.1,76.6,9.9,21.19
192,柳林,2018-08-30,26.6,6,1.3,79.3,5.6,12.89
192,柳林,2018-08-31,24.3,31.6,1.2,85.9,0.3,4.71
192,柳林,2018-09-01,22.3,25.6,0.9,83.1,1.7,8.72
192,柳林,2018-09-02,21.1,11.6,0.8,80.4,0,6.11
192,柳林,2018-09-03,23.4,58.1,0.6,87.9,0.1,4.44
192,柳林,2018-09-04,24.2,33.3,1.5,67.6,8.9,21.64
192,柳林,2018-09-05,22.4,,1.2,68.3,10.6,21.59
192,柳林,2018-09-06,22,,0.5,77.6,0.4,8.89
192,柳林,2018-09-07,21.1,3.7,0.9,81.5,1.6,8.92
192,柳林,2018-09-08,18.4,,0.3,75.4,0.6,8.32
192,柳林,2018-09-09,20.5,,1,68.8,10.7,22.9
192,柳林,2018-09-10,20.3,,1.2,62.8,9.1,18.58
192,柳林,2018-09-11,19.5,,1.3,63.3,6.1,15.82
192,柳林,2018-09-12,22,0,1,70,8.1,18.49
192,柳林,2018-09-13,20.7,10.2,0.4,84.6,0,5.04
192,柳林,2018-09-14,21.4,24.7,0.5,89,0,3.32
192,柳林,2018-09-15,21.8,5.8,0.2,90.1,0,4.16
192,柳林,2018-09-16,23.9,,0.6,78.4,4.7,15.21
192,柳林,2018-09-17,23.1,,0.3,75.4,7.5,14.94
192,柳林,2018-09-18,22.8,,0.8,72,8.5,18.95
192,柳林,2018-09-19,20.6,0.2,0.5,78.1,1.1,8.75
192,柳林,2018-09-20,20.3,10.1,0.6,89.3,0,3.13
192,柳林,2018-09-21,19.4,18.3,0.6,89.8,0,3.1
192,柳林,2018-09-22,20.3,,0.6,81.8,6.5,15.81
192,柳林,2018-09-23,19.3,,0.7,72.9,9.3,17.89
192,柳林,2018-09-24,16.6,,0.4,75.1,0.1,9.89
192,柳林,2018-09-25,16.6,,1,65.1,10.6,21.31
192,柳林,2018-09-26,17.9,,1.2,62.8,4.7,12.46
192,柳林,2018-09-27,17.6,,1.1,64.4,9.9,18.46
192,柳林,2018-09-28,18.1,,1,68,6.7,16.45
192,柳林,2018-09-29,18.7,0,0.9,70.8,0,5.21
192,柳林,2018-09-30,21,,2.5,48,8.1,17.98
192,柳林,2018-10-01,17,0,2.1,54.4,9.1,17.04
192,柳林,2018-10-02,16,,0.5,67.1,10.4,19.77
192,柳林,2018-10-03,15.3,,0.6,67.8,10.5,20.01
192,柳林,2018-10-04,17.5,1.6,1.2,68.8,7.3,15.61
192,柳林,2018-10-05,17.9,55.5,1,89,0,1.52
192,柳林,2018-10-06,20.5,165.8,2.1,80,3.3,7.19
192,柳林,2018-10-07,17.9,,0.7,76,9.6,18.74
192,柳林,2018-10-08,15.5,,0.9,62.3,10.1,18.45
192,柳林,2018-10-09,14.7,,0.5,73.6,0.7,7.13
192,柳林,2018-10-10,15,,1.2,60,4.6,10.13
192,柳林,2018-10-11,12,,1.3,47.8,10.3,18.54
192,柳林,2018-10-12,9.9,,0.7,66.1,10.6,18.6
192,柳林,2018-10-13,11.6,,0.5,73.9,9.3,15.77
192,柳林,2018-10-14,13.7,,0.5,73.4,8.7,14.5
192,柳林,2018-10-15,14.3,,0.5,71.9,9.9,16.33
192,柳林,2018-10-16,11.8,,0.4,80,0.5,6.16
192,柳林,2018-10-17,12.3,,0.3,73.1,9.9,15.49
192,柳林,2018-10-18,12.4,,0.7,60.8,10.2,17.89
192,柳林,2018-10-19,,,0.4,,,
192,柳林,2018-10-20,11.1,,0.5,69.6,9.6,16.84
192,柳林,2018-10-21,10.7,,0.3,68.8,10,17.31
192,柳林,2018-10-22,12.6,,0.3,75,4.1,10.4
192,柳林,2018-10-23,13.8,0,0.4,77.4,5.9,11.35
192,柳林,2018-10-24,11.8,,0.4,71.4,9.9,16.51
192,柳林,2018-10-25,11.3,,0.5,69.4,9.9,16.37
192,柳林,2018-10-26,12.4,0.9,0.2,86,0.3,2.96
192,柳林,2018-10-27,10,,1,72.9,5.6,10.32
192,柳林,2018-10-28,11.3,0.2,1.7,71,8.9,13.99
192,柳林,2018-10-29,10.4,0.1,1.1,75.8,5.3,8.72
192,柳林,2018-10-30,8.1,,0.7,65,9.9,15.59
192,柳林,2018-10-31,8.1,,0.5,68.8,9.4,15.01
192,柳林,2018-11-01,6.8,,0.5,68.8,,
192,柳林,2018-11-02,7.6,,0.5,64.4,9.8,15.43
192,柳林,2018-11-03,8.2,,0.2,65.5,9.6,14.72
192,柳林,2018-11-04,9.4,,0.2,67.3,9.7,14.91
192,柳林,2018-11-05,9.7,,0.3,69.6,9.6,13.94
192,柳林,2018-11-06,10.9,,0.2,74.9,8.6,12.76
192,柳林,2018-11-07,12.8,0.5,0.3,82.3,0,4.28
192,柳林,2018-11-08,14,19.5,0.9,88.6,0,1.02
192,柳林,2018-11-09,12.7,,1.9,62.4,4.6,7.95
192,柳林,2018-11-10,9.1,,0.4,74.8,7.9,13.2
192,柳林,2018-11-11,10.1,3.5,0.5,80.4,4.5,8.78
192,柳林,2018-11-12,10.6,1.5,0.8,75.4,8.2,12.24
192,柳林,2018-11-13,9.5,,0.5,77,6.6,10.33
192,柳林,2018-11-14,8.9,,0.5,75.5,8.3,13.23
192,柳林,2018-11-15,8.7,,0.4,74.9,8.8,12.61
192,柳林,2018-11-16,8.6,1,0.3,87,0,3.61
192,柳林,2018-11-17,7.8,,0.7,68.8,7.7,12.92
192,柳林,2018-11-18,5.7,,0.4,67,0.2,3.71
192,柳林,2018-11-19,7.1,,0.6,62.6,7.6,11.53
192,柳林,2018-11-20,5.6,,0.6,60.3,9,12.83
192,柳林,2018-11-21,5.9,,0.4,63.4,0.5,4.38
192,柳林,2018-11-22,5.4,,1.8,42,8.7,13.26
192,柳林,2018-11-23,2.8,,0.8,56.1,8.8,11.68
192,柳林,2018-11-24,2.7,1.5,0.6,79.4,0.7,2.79
192,柳林,2018-11-25,5,,0.6,89,3.7,6.59
192,柳林,2018-11-26,5.2,,0.5,77.3,7.2,11.16
192,柳林,2018-11-27,6.6,,0.4,73.4,8.8,12.05
192,柳林,2018-11-28,5.9,,0.7,58.1,6.6,10.39
192,柳林,2018-11-29,5,,0.4,53.1,7.5,10.32
192,柳林,2018-11-30,5.7,,0.5,67.9,8.1,10.52
192,柳林,2018-12-01,5.2,,0.5,64.8,1.6,5.98
192,柳林,2018-12-02,9.1,0,0.7,71.3,7,9.82
192,柳林,2018-12-03,12.8,9.5,0.3,90.9,0,2.67
192,柳林,2018-12-04,13.3,12,1.1,68,1.2,4.02
192,柳林,2018-12-05,7.3,,1.1,41.1,8.2,11.53
192,柳林,2018-12-06,5.8,2.5,1,69.4,0.7,4.55
192,柳林,2018-12-07,0.2,,3.1,33.8,2.4,7.3
192,柳林,2018-12-08,-1.7,,1.7,38.8,8.3,11.44
192,柳林,2018-12-09,-1.7,,1.5,34.4,7.7,11.34
192,柳林,2018-12-10,-1.7,,0.6,42.1,8,11.37
192,柳林,2018-12-11,2,1.5,0.5,78.1,0,2.57
192,柳林,2018-12-12,1.2,,1.7,51.3,8.4,11.54
192,柳林,2018-12-13,0.8,,1.1,54.4,6.6,10.14
192,柳林,2018-12-14,-0.1,,1,44.9,8.4,11.98
192,柳林,2018-12-15,-1.7,,0.5,49.4,8.4,12.17
192,柳林,2018-12-16,0.1,1,0.5,75.6,1.1,3.3
192,柳林,2018-12-17,2.2,,0.9,72.3,5.8,9.02
192,柳林,2018-12-18,1.5,,0.4,68.5,8.3,11.24
192,柳林,2018-12-19,4.6,,0.8,64.6,7.4,9.09
192,柳林,2018-12-20,4.4,,0.4,74.9,0,3.12
192,柳林,2018-12-21,4.8,,0.5,78.5,7,9.21
192,柳林,2018-12-22,7,0,0.5,74,6.9,9.6
192,柳林,2018-12-23,7.7,2.5,1.8,47.6,6.4,9.89
192,柳林,2018-12-24,1,,0.8,46.4,8.4,11.96
192,柳林,2018-12-25,1,,0.5,47.5,4.9,8.29
192,柳林,2018-12-26,5.3,,1.5,33.4,6.6,9.07
192,柳林,2018-12-27,-0.6,,2.7,16.5,8.3,11.91
192,柳林,2018-12-28,-3.8,,2,28.3,8.4,12.05
192,柳林,2018-12-29,-2,,2.6,30,8.4,12.08
192,柳林,2018-12-30,-2,,1.3,34.9,8.4,12.01
192,柳林,2018-12-31,-1.2,,0.6,37.1,8.2,11.67
192,柳林,2019-01-01,-1.3,,0.9,50.4,7.7,10.83
192,柳林,2019-01-02,-0.6,,1,48.8,8.5,11.76
192,柳林,2019-01-03,-1.8,,0.4,50,8.5,12.46
192,柳林,2019-01-04,-0.4,,0.3,45.8,3.3,6.19
192,柳林,2019-01-05,2.3,,0.8,48,7.4,10.56
192,柳林,2019-01-06,0,,0.5,38.3,7.8,11.53
192,柳林,2019-01-07,0.1,,0.6,44,8.5,10.75
192,柳林,2019-01-08,0.8,,1.3,44,8.5,11.12
192,柳林,2019-01-09,-0.4,,1,38.8,4.8,8.81
192,柳林,2019-01-10,2.5,,1.3,47.4,6.8,10.72
192,柳林,2019-01-11,2.4,0,0.6,64.1,7.1,10.2
192,柳林,2019-01-12,3.7,4,0.6,83.6,3.2,6.36
192,柳林,2019-01-13,1.6,,0.4,76.6,7.1,10.95
192,柳林,2019-01-14,1.2,,0.4,65.9,7.9,11.27
192,柳林,2019-01-15,2.2,,1.2,55.9,7.5,9.79
192,柳林,2019-01-16,-0.8,,1.5,30.1,8.8,12.95
192,柳林,2019-01-17,0,,1.2,51.5,8.8,13.32
192,柳林,2019-01-18,0.7,,0.5,56.6,8.8,13.35
192,柳林,2019-01-19,3.7,0,0.6,61.6,4.3,8.71
192,柳林,2019-01-20,3.5,0,1.8,49.4,8.2,12.39
192,柳林,2019-01-21,-0.5,,0.7,55.1,9,13.56
192,柳林,2019-01-22,0.5,,0.6,62.3,9,13.1
192,柳林,2019-01-23,1.7,,0.7,55.8,9,12.27
192,柳林,2019-01-24,0.8,,0.6,50.9,9,14.36
192,柳林,2019-01-25,0.4,,1.4,45.1,3.9,8.14
192,柳林,2019-01-26,-0.3,,2.2,27.6,9.2,14.24
192,柳林,2019-01-27,-1.4,,0.7,48.3,9.2,14.48
192,柳林,2019-01-28,1.7,,1.6,44.9,8.4,12.45
192,柳林,2019-01-29,0.1,,0.7,49.5,9.2,14.08
192,柳林,2019-01-30,3.8,,0.6,46.5,4.4,10.54
192,柳林,2019-01-31,0.7,9.5,1,71.6,0.7,2.33
192,柳林,2019-02-01,-1,,1,59.5,9.4,14.94
192,柳林,2019-02-02,1.4,0,0.6,65.4,9.3,14.39
192,柳林,2019-02-03,6.8,13.5,1.2,82.5,0.1,2.27
192,柳林,2019-02-04,4.8,,2.1,31.5,8.8,14.69
192,柳林,2019-02-05,2.4,,0.6,49.1,9,14.87
192,柳林,2019-02-06,5.1,,0.6,57.8,8.3,13.54
192,柳林,2019-02-07,5.2,,1.8,45.9,4.8,9.82
192,柳林,2019-02-08,1.7,,1.3,23.9,7.9,14.05
192,柳林,2019-02-09,1.2,,1.9,28.3,7.9,13.56
192,柳林,2019-02-10,2.1,,1,35.5,5.6,9.93
192,柳林,2019-02-11,1.1,,1.8,34.4,9.8,15.78
192,柳林,2019-02-12,0.9,,0.7,48,8.8,14.93
192,柳林,2019-02-13,3.2,,1.4,34.1,9.6,15
192,柳林,2019-02-14,2.5,,1,37,6.4,12.91
192,柳林,2019-02-15,4.1,,0.8,52.3,3,10.06
192,柳林,2019-02-16,1.8,,1.8,44.3,8.5,15.14
192,柳林,2019-02-17,0.7,,0.8,41.1,10.1,17.37
192,柳林,2019-02-18,2.3,0,0.5,44,0.6,6.56
192,柳林,2019-02-19,4.2,29,0.5,85.9,0,4.3
192,柳林,2019-02-20,4.5,,1.3,58.5,9.6,16.61
192,柳林,2019-02-21,4,,0.9,57.8,9.4,16.85
192,柳林,2019-02-22,4.2,,0.4,64,4,10.16
192,柳林,2019-02-23,5.4,,0.9,62.1,9.6,16.95
192,柳林,2019-02-24,5.9,,0.7,65,10.1,17.29
192,柳林,2019-02-25,6.9,,0.6,56,9.7,17.23
192,柳林,2019-02-26,6.6,,0.8,49.4,10,17.02
192,柳林,2019-02-27,7.9,0.5,0.8,67.8,1.4,8.04
192,柳林,2019-02-28,8.5,0.5,0.8,64.6,8.2,15.46
192,柳林,2019-03-01,6.7,,0.7,58.8,9.5,17.65
192,柳林,2019-03-02,7.6,,0.7,63.4,8.8,13.46
192,柳林,2019-03-03,10.2,0,0.8,61,3.4,10.3
192,柳林,2019-03-04,10.2,,0.9,63.4,8.8,16.18
192,柳林,2019-03-05,8.9,,0.7,65.8,5.4,12.09
192,柳林,2019-03-06,9.2,2,0.8,80.5,4.2,10.68
192,柳林,2019-03-07,7.5,,1.2,62.8,9.3,16.08
192,柳林,2019-03-08,6.7,,0.8,65.8,10.6,19.92
192,柳林,2019-03-09,8,0,0.9,69.4,9.3,16.96
192,柳林,2019-03-10,7.1,21,1.2,92.4,0,4.04
192,柳林,2019-03-11,6.8,0,1.3,79.9,6.6,15.26
192,柳林,2019-03-12,6.9,0,1.9,65.9,6.4,15.42
192,柳林,2019-03-13,4.5,,2.2,38.4,9.7,18.96
192,柳林,2019-03-14,5.3,,0.9,54.3,10.8,21.55
192,柳林,2019-03-15,5.1,0,1.6,65.4,6,14.32
192,柳林,2019-03-16,6.1,,1.2,64.8,10.8,20.19
192,柳林,2019-03-17,7.2,,0.8,61.5,11,21.91
192,柳林,2019-03-18,8.1,,1,63.9,7.2,14.26
192,柳林,2019-03-19,11.6,,0.9,59.6,10.7,19.49
192,柳林,2019-03-20,11.2,19,0.7,81.4,0.5,7.1
192,柳林,2019-03-21,14.6,0,2,58.4,9.4,17.11
192,柳林,2019-03-22,9.3,,1.8,40.9,10.8,23.33
192,柳林,2019-03-23,6.3,0,2.1,41.8,8.7,19.32
192,柳林,2019-03-24,4.9,,1.2,55.6,11.4,24.04
192,柳林,2019-03-25,6,,0.9,64.9,8.2,15.15
192,柳林,2019-03-26,9.7,,0.8,59.8,10.5,22.48
192,柳林,2019-03-27,12.3,,1.6,55.5,10.7,21.14
192,柳林,2019-03-28,12.8,,1.1,68,9.6,19.19
192,柳林,2019-03-29,12.7,,0.9,77,8.8,18.32
192,柳林,2019-03-30,11.2,0,2.5,53.5,9.8,20.51
192,柳林,2019-03-31,6.6,,2.2,37.8,10.8,24.3
192,柳林,2019-04-01,6.3,,1.6,42.1,10.7,23.37
192,柳林,2019-04-02,7.7,,1.4,45.6,11.4,25.03
192,柳林,2019-04-03,8.8,,1.3,33,11.3,25.56
192,柳林,2019-04-04,10.9,,1.4,40.3,11.2,24.92
192,柳林,2019-04-05,12.8,,1.4,48.8,11.1,21.76
192,柳林,2019-04-06,12.6,,1.2,45.5,11.3,24.05
192,柳林,2019-04-07,11.5,,0.6,82.4,1.3,6.85
192,柳林,2019-04-08,14.3,,1.2,67.9,8.6,20.66
192,柳林,2019-04-09,10.4,24,2,66.5,5.3,13.17
192,柳林,2019-04-10,8.4,10.9,1.7,79.6,0,7.09
192,柳林,2019-04-11,9.1,,0.8,76.5,5.8,15.08
192,柳林,2019-04-12,10.9,,1,63.9,9,23.84
192,柳林,2019-04-13,11.5,,0.9,58.4,7.2,17.11
192,柳林,2019-04-14,12.2,0,1.6,54.6,3.6,10.1
192,柳林,2019-04-15,11.3,,1.1,52.8,12,26.04
192,柳林,2019-04-16,13.1,,0.9,54.5,10.3,21.74
192,柳林,2019-04-17,15.2,,1,62.4,8.2,18.62
192,柳林,2019-04-18,14.8,,1.1,72,11.6,25.5
192,柳林,2019-04-19,12.7,,0.8,82,0.9,5.17
192,柳林,2019-04-20,14,,0.9,71.5,11.8,25.45
192,柳林,2019-04-21,16.5,,0.7,74.5,7.3,16.32
192,柳林,2019-04-22,17.5,,0.9,73.5,11.1,21.01
192,柳林,2019-04-23,14.7,8.3,0.4,90.1,0,5.22
192,柳林,2019-04-24,17.6,6,0.5,93.3,1.9,10.52
192,柳林,2019-04-25,15.2,11.1,0.7,95.4,0.1,3.72
192,柳林,2019-04-26,12.3,0,1.3,80.1,0.4,8.32
192,柳林,2019-04-27,12,0,1.1,71.1,11.1,24.98
192,柳林,2019-04-28,12,0.1,0.8,76.5,5.5,16.54
192,柳林,2019-04-29,11.1,54.2,0.6,94,0,2.24
192,柳林,2019-04-30,15.7,,1,85,6.9,15.64
192,柳林,2019-05-01,16.7,,1,71,7.3,19.5
192,柳林,2019-05-02,16,,1,59,12.6,28.09
192,柳林,2019-05-03,16.2,,1.1,55.5,12.6,27.75
192,柳林,2019-05-04,16.7,,0.7,60.6,11.4,24.09
192,柳林,2019-05-05,18.1,,0.9,60.1,11.6,25.17
192,柳林,2019-05-06,15.4,,1.2,65.4,10.9,26.32
192,柳林,2019-05-07,14.6,0,1.2,58,12.9,28.73
192,柳林,2019-05-08,14.7,,0.9,59.6,9.9,22.16
192,柳林,2019-05-09,16.2,,0.8,54.9,10.1,25.47
192,柳林,2019-05-10,16.7,,0.9,56.9,11.5,27
192,柳林,2019-05-11,17.9,,0.9,55.8,12.5,27.35
192,柳林,2019-05-12,18.3,,0.9,55.3,12.3,27.59
192,柳林,2019-05-13,17.8,,1,65.5,10.4,23.5
192,柳林,2019-05-14,21,0,1.2,72,9.3,21.08
192,柳林,2019-05-15,20.3,,0.9,70.3,11,23.21
192,柳林,2019-05-16,20.8,,0.8,64.8,11.6,26.31
192,柳林,2019-05-17,20.7,4.7,1.3,67.5,8.4,20.59
192,柳林,2019-05-18,17.2,44.2,1.1,93.6,0,3.59
192,柳林,2019-05-19,18.6,15.7,0.5,95,0,5.69
192,柳林,2019-05-20,17.5,0.4,1.4,67.8,5.8,14.8
192,柳林,2019-05-21,17.6,,1.3,46.9,13.1,30.26
192,柳林,2019-05-22,18.7,,1.2,57,13.1,29.92
192,柳林,2019-05-23,21.1,,1,61.3,12.8,28.57
192,柳林,2019-05-24,21.5,,1,64.8,12.8,27.11
192,柳林,2019-05-25,22.4,,0.7,62.4,10,21.72
192,柳林,2019-05-26,22,0.1,1.1,66.9,9.2,26.03
192,柳林,2019-05-27,19.8,66,1.9,90.5,0,3.11
192,柳林,2019-05-28,18.8,,1.5,50.8,9.6,23.89
192,柳林,2019-05-29,19.7,,1.1,54.1,13.3,29.78
192,柳林,2019-05-30,20.3,0,1.1,54.4,9.9,24.24
192,柳林,2019-05-31,17.1,1.2,1.1,76.3,8.1,22.2
192,柳林,2019-06-01,19,,0.9,67.3,10.3,24.55
192,柳林,2019-06-02,20.1,,0.9,65.8,12.3,25.58
192,柳林,2019-06-03,21.5,,1,64.9,12.7,28.11
192,柳林,2019-06-04,22.5,,1.1,71.4,12.1,27.96
192,柳林,2019-06-05,23.9,,0.9,65.9,12.5,28.01
192,柳林,2019-06-06,21.1,21.4,1,82.1,7.4,18.21
192,柳林,2019-06-07,19,15.8,0.7,89.3,0.2,7.34
192,柳林,2019-06-08,20.2,0.2,1,79.3,10.2,24.26
192,柳林,2019-06-09,20.6,,1.3,71.8,11,27.22
192,柳林,2019-06-10,19.2,0.3,1.3,72.4,2.6,14.03
192,柳林,2019-06-11,19,1.9,1.1,75.9,7.6,22.18
192,柳林,2019-06-12,20.7,,1.1,71.8,10.2,26.82
192,柳林,2019-06-13,21.1,,1.2,72.3,9.1,26.04
192,柳林,2019-06-14,19.1,2.7,0.6,82.9,0.3,6.7
192,柳林,2019-06-15,21.9,0,1.3,67.6,10.6,26.38
192,柳林,2019-06-16,20.9,,1.1,70.8,10,25.41
192,柳林,2019-06-17,21.9,,1.2,73.9,8.9,23.8
192,柳林,2019-06-18,22.3,,0.9,76,5.3,17.17
192,柳林,2019-06-19,22.8,0,1,77.6,8.6,22.27
192,柳林,2019-06-20,24.2,,1.1,72.3,10.8,25.05
192,柳林,2019-06-21,24.4,,1.1,69.9,11,25.9
192,柳林,2019-06-22,22.3,0.5,1.2,75.4,3.7,15.64
192,柳林,2019-06-23,21.5,6.3,1.2,71.9,11,27.05
192,柳林,2019-06-24,21.9,,1.1,76.3,10.2,24.89
192,柳林,2019-06-25,23.3,,1.2,71.9,12.7,27.93
192,柳林,2019-06-26,18.5,93.7,0.5,93.4,0,1.98
192,柳林,2019-06-27,23.9,40,0.7,88.5,4.9,15.95
192,柳林,2019-06-28,24.2,,1.1,81.5,6.7,21.83
192,柳林,2019-06-29,20.7,60.9,0.5,94.5,0,2.38
192,柳林,2019-06-30,23.9,,0.7,86.1,4.4,18.07
192,柳林,2019-07-01,23.8,0.3,0.7,87.1,1.2,9.36
192,柳林,2019-07-02,24,,0.9,78,11.6,26.73
192,柳林,2019-07-03,23.1,,0.8,81.9,4.8,16.56
192,柳林,2019-07-04,24.5,,0.8,72.3,11.9,26.27
192,柳林,2019-07-05,24.8,,0.8,74.6,12,23.59
192,柳林,2019-07-06,25,,1.5,63.4,13.2,28.86
192,柳林,2019-07-07,23.1,,1.3,69,6.3,19.86
192,柳林,2019-07-08,23.1,0,1.3,65.6,6.7,19.84
192,柳林,2019-07-09,23,,1.4,67.1,4,15.08
192,柳林,2019-07-10,20.7,27,1,87.1,0,3.78
192,柳林,2019-07-11,24.2,0.1,1.3,80.5,6.1,19.76
192,柳林,2019-07-12,24.3,,1.1,73.4,10.4,26.45
192,柳林,2019-07-13,22.1,0.9,0.8,87.6,3.4,10.29
192,柳林,2019-07-14,23.8,0.6,0.9,80.3,6.5,17.7
192,柳林,2019-07-15,24.1,5.1,0.9,79.1,6.6,18.14
192,柳林,2019-07-16,23.7,4.8,0.9,81.1,8.5,20.32
192,柳林,2019-07-17,24.4,2,0.9,78,9.8,22.15
192,柳林,2019-07-18,22.5,24.8,0.7,91.3,0,5.76
192,柳林,2019-07-19,23.5,30.7,0.7,94.5,0,1.78
192,柳林,2019-07-20,24.1,113.1,2.7,93.9,0,2.85
192,柳林,2019-07-21,25.3,24,2,87.3,2.3,12.62
192,柳林,2019-07-22,26.8,,1.1,85.1,8.8,20.6
192,柳林,2019-07-23,27.3,,1.2,82.5,9.3,21.9
192,柳林,2019-07-24,26.3,,1.2,86.3,1.6,12.29
192,柳林,2019-07-25,26.6,0,0.9,88.6,2.5,9.78
192,柳林,2019-07-26,27.1,0,1.1,87.3,2.5,13.84
192,柳林,2019-07-27,26.7,0.6,0.6,90.1,0,5.43
192,柳林,2019-07-28,27.7,,1.5,82.6,7.1,19.42
192,柳林,2019-07-29,27.8,,1.1,81,11.3,23.55
192,柳林,2019-07-30,28.5,,1.4,80.4,9.7,22.15
192,柳林,2019-07-31,28.8,,1.5,79.3,11.9,26.19
192,柳林,2019-08-01,28.4,,1.1,78.6,12.5,27.19
192,柳林,2019-08-02,28.8,,0.9,77.8,12,25.28
192,柳林,2019-08-03,28.5,,0.7,79.1,9.8,22.72
192,柳林,2019-08-04,29,,0.9,73.3,11.6,24.63
192,柳林,2019-08-05,29,,0.7,75.4,9.7,21.67
192,柳林,2019-08-06,26.5,7.3,1.3,78.8,2.4,10.48
192,柳林,2019-08-07,27.7,0,1.2,80.6,10.6,24.24
192,柳林,2019-08-08,28.4,,0.8,77.5,10.2,22.26
192,柳林,2019-08-09,28.4,,0.7,76.9,11.8,21.64
192,柳林,2019-08-10,28.1,,1.2,75.4,11.9,24.36
192,柳林,2019-08-11,28,,2.2,75.5,7.8,21.13
192,柳林,2019-08-12,28.2,0.2,1.4,79.5,2.4,10.54
192,柳林,2019-08-13,28.6,2.2,0.7,81.1,8.1,20.2
192,柳林,2019-08-14,29.4,0.6,1.6,71.8,8.9,19.47
192,柳林,2019-08-15,28.3,0.3,1.7,75.6,3.5,12.73
192,柳林,2019-08-16,27.8,,1.9,71.4,11.1,24.18
192,柳林,2019-08-17,26.7,,1.1,73.8,12.1,25.64
192,柳林,2019-08-18,27.3,,0.9,70.3,11.2,22.75
192,柳林,2019-08-19,25.7,,0.7,74.6,7.1,15.6
192,柳林,2019-08-20,26.9,0.2,1,72,5.7,13.23
192,柳林,2019-08-21,25.7,13.3,0.6,82.8,0.3,7.15
192,柳林,2019-08-22,26.7,29.8,1,87,4.8,10.6
192,柳林,2019-08-23,24.4,0,0.6,82.1,5,12.35
192,柳林,2019-08-24,23.3,,0.6,74.4,8.9,19.64
192,柳林,2019-08-25,22,0.3,0.5,84.9,0.8,8.2
192,柳林,2019-08-26,23.9,,1,77.5,10.5,23.2
192,柳林,2019-08-27,22.6,10.7,0.5,92.8,0,3.77
192,柳林,2019-08-28,23.8,0.3,0.7,88.8,1.3,8.35
192,柳林,2019-08-29,22.3,0.2,0.9,89.8,0,3.9
192,柳林,2019-08-30,22.7,,0.7,74.6,8.4,21.85
192,柳林,2019-08-31,22.4,,0.7,77.1,7.9,19.23
192,柳林,2019-09-01,21.4,2.3,0.5,87.8,0.2,5.55
192,柳林,2019-09-02,20.2,24.9,0.5,94.6,0,2.67
192,柳林,2019-09-03,21.9,95.9,0.5,94.5,0,4.6
192,柳林,2019-09-04,23.6,11.5,0.4,94.6,0,4.33
192,柳林,2019-09-05,25.2,7,0.6,88.3,5.6,13.89
192,柳林,2019-09-06,26,1.8,1.2,85.8,1.4,10.49
192,柳林,2019-09-07,25.6,27,2.8,85.1,1.7,7.09
192,柳林,2019-09-08,25.1,0.2,0.6,85.8,3.7,13.73
192,柳林,2019-09-09,26.5,0.7,0.9,85.6,3.4,13.43
192,柳林,2019-09-10,26.2,0.2,0.8,82,9.3,16.29
192,柳林,2019-09-11,25.7,1.8,1.1,83.8,6.3,16.01
192,柳林,2019-09-12,20.3,0.5,1,88,0,4.04
192,柳林,2019-09-13,21.8,,0.9,75.4,8.8,17.44
192,柳林,2019-09-14,22.4,,0.7,77.5,9.9,21.69
192,柳林,2019-09-15,25,,0.8,77.6,8,17.6
192,柳林,2019-09-16,23.5,,1.1,71.6,9.2,19.91
192,柳林,2019-09-17,20.8,,1,69.4,11,22.73
192,柳林,2019-09-18,21.1,,0.8,67.4,9.7,21.39
192,柳林,2019-09-19,19.4,,0.8,72.3,8.6,17.96
192,柳林,2019-09-20,19.2,,1.1,72.1,6.5,17.33
192,柳林,2019-09-21,17.7,74.5,1,93.5,0,2.18
192,柳林,2019-09-22,17.8,99.2,2.7,88.4,0,1.88
192,柳林,2019-09-23,18.1,0.1,0.8,86.6,0,5.91
192,柳林,2019-09-24,18.3,,0.7,79.6,8.3,19.53
192,柳林,2019-09-25,17.7,,0.6,80.4,9.2,17.05
192,柳林,2019-09-26,20.5,,0.5,81.6,8.2,17.83
192,柳林,2019-09-27,21.7,3.4,0.6,84.6,3.9,10.51
192,柳林,2019-09-28,22.9,1.2,0.4,91.1,1.7,9.14
192,柳林,2019-09-29,24.2,,0.6,86,7.5,16.43
192,柳林,2019-09-30,23.5,0,0.7,84.8,5.1,11.44
192,柳林,2019-10-01,21.5,16.5,0.5,95.6,0,2.39
192,柳林,2019-10-02,21.6,139.6,1.3,94.1,0,0.7
192,柳林,2019-10-03,23.4,4.1,1.6,80.6,7.8,14.29
192,柳林,2019-10-04,21.4,,0.7,83.4,9.5,18.89
192,柳林,2019-10-05,21.7,,0.8,78.4,6.6,12.99
192,柳林,2019-10-06,18.3,,1.2,70.6,6.7,14.24
192,柳林,2019-10-07,15.9,7.4,0.6,90.1,0,3.51
192,柳林,2019-10-08,17,,0.9,71.6,8.6,17.06
192,柳林,2019-10-09,12.8,,0.6,70,10.6,19.99
192,柳林,2019-10-10,15,,0.5,73,10.5,19.12
192,柳林,2019-10-11,18.9,,0.9,63.6,10.6,18.59
192,柳林,2019-10-12,19.9,,2,54.1,10.5,18.13
192,柳林,2019-10-13,16.7,,1.4,61.4,10.5,18.23
192,柳林,2019-10-14,15.6,,0.6,75.4,10.1,17.36
192,柳林,2019-10-15,14.9,,1,75.6,3,9.07
192,柳林,2019-10-16,13.3,,0.6,76.4,9.1,16.89
192,柳林,2019-10-17,13.5,,0.7,80.8,3.6,10.02
192,柳林,2019-10-18,14.9,9.8,0.7,87.4,0,1.42
192,柳林,2019-10-19,17.7,,0.6,80.9,7.9,16.73
192,柳林,2019-10-20,15.7,,0.6,80.1,10,16.77
192,柳林,2019-10-21,14.8,,0.7,78.6,10,16.6
192,柳林,2019-10-22,15.9,,0.7,80.4,9.4,14.99
192,柳林,2019-10-23,16.1,0,0.5,80.3,2.5,7.78
192,柳林,2019-10-24,18,,1.3,69.8,3.4,9.12
192,柳林,2019-10-25,17.5,,0.6,78.6,7.5,13.49
192,柳林,2019-10-26,14.3,,0.8,64.1,8.7,15.88
192,柳林,2019-10-27,9.8,,0.5,74.5,8.8,12.87
192,柳林,2019-10-28,10.7,,0.8,74.4,9.5,15.48
192,柳林,2019-10-29,11.9,,1,72.4,9.7,13.84
192,柳林,2019-10-30,10.4,,0.4,77.4,9.7,16.14
192,柳林,2019-10-31,10.8,,0.4,77.3,9.9,16.03
192,柳林,2019-11-01,12.6,,0.4,79.4,9,14.49
192,柳林,2019-11-02,12.8,,0.3,84.3,7.9,10.89
192,柳林,2019-11-03,13.6,,0.4,80.5,7.7,12.4
192,柳林,2019-11-04,12.6,,0.5,81.1,5.8,10.67
192,柳林,2019-11-05,11.8,,0.5,79.5,9.1,14.43
192,柳林,2019-11-06,10.6,,0.5,75.9,9.4,14.57
192,柳林,2019-11-07,10.9,,0.6,72.9,9.2,12.49
192,柳林,2019-11-08,8.4,,0.4,71.5,9.4,14.23
192,柳林,2019-11-09,7.9,,0.5,69.5,9.3,14.35
192,柳林,2019-11-10,9.3,8.1,0.6,76.6,4.3,8.57
192,柳林,2019-11-11,12.7,0,1.3,68.4,8.2,12.36
192,柳林,2019-11-12,9.4,,0.5,77.9,9,12.7
192,柳林,2019-11-13,10.5,0,1.1,68.8,0.8,5.91
192,柳林,2019-11-14,6.1,,1.9,47.9,9.2,14.51
192,柳林,2019-11-15,7.6,,1,66.9,9.2,13.46
192,柳林,2019-11-16,11.1,,0.7,80.4,8.9,11.95
192,柳林,2019-11-17,11.6,0.5,0.2,93.4,0,1.58
192,柳林,2019-11-18,11.8,12.8,1.4,64.1,0.2,4.3
192,柳林,2019-11-19,4.9,,1.3,63,7.2,11.65
192,柳林,2019-11-20,4.2,,0.8,55.9,9,13.73
192,柳林,2019-11-21,5.2,,0.8,57,8.8,13.46
192,柳林,2019-11-22,8.7,,0.5,71.9,8.9,12.63
192,柳林,2019-11-23,10.8,,0.5,80,8.9,12.57
192,柳林,2019-11-24,13.9,0.1,0.5,84.3,4.8,7.82
192,柳林,2019-11-25,9.8,,1.9,56.8,1.6,6.42
192,柳林,2019-11-26,9.7,,0.9,69.1,8.2,12.08
192,柳林,2019-11-27,8.2,,0.8,65.3,0.2,4.73
192,柳林,2019-11-28,6.5,,0.9,69.4,5.6,9.14
192,柳林,2019-11-29,3.9,,0.7,60.9,8.4,12.34
192,柳林,2019-11-30,6.1,,0.5,59.1,8.7,12.25
192,柳林,2019-12-01,6.8,26.7,0.7,91.5,0,1.2
192,柳林,2019-12-02,5.9,,1.7,54.6,8.3,11.45
192,柳林,2019-12-03,2.1,,0.7,74.9,6.8,10.36
192,柳林,2019-12-04,2.9,,0.7,71,8.6,11.73
192,柳林,2019-12-05,2.3,,1.5,56.5,8.5,11.13
192,柳林,2019-12-06,-1.9,,1,44.5,7,9.75
192,柳林,2019-12-07,-0.3,,0.8,60.9,8.6,12.17
192,柳林,2019-12-08,0.5,,0.5,73.3,7.5,11.6
192,柳林,2019-12-09,1.2,,0.5,71.1,8.5,11.77
192,柳林,2019-12-10,5.1,,0.5,79.8,7.8,9.53
192,柳林,2019-12-11,7.5,,1.5,67.4,6,8.18
192,柳林,2019-12-12,2.9,,0.9,45.1,8.5,12.03
192,柳林,2019-12-13,0.5,,0.4,63.4,7.8,8.89
192,柳林,2019-12-14,3.1,,0.8,59.6,8.2,10.81
192,柳林,2019-12-15,4.4,,0.4,69,7.9,10.54
192,柳林,2019-12-16,5.3,,0.3,80.6,6.7,9.04
192,柳林,2019-12-17,7.3,0,0.5,83.3,1.1,4.52
192,柳林,2019-12-18,7.2,,0.7,57.8,8.4,11.35
192,柳林,2019-12-19,4.4,,1.2,47.1,7.6,10.7
192,柳林,2019-12-20,1.9,,0.7,58.9,7.2,9.87
192,柳林,2019-12-21,-0.8,,0.3,71.4,0,4.2
192,柳林,2019-12-22,1.6,,0.5,72.9,2.5,5.23
192,柳林,2019-12-23,2.3,,0.6,73.3,6.9,9.47
192,柳林,2019-12-24,2.2,,0.4,70.9,7.5,10.45
192,柳林,2019-12-25,4.2,,0.5,61.3,8.4,10.85
192,柳林,2019-12-26,4.6,1.2,0.7,72,0,1.6
192,柳林,2019-12-27,2.2,,1.5,45.1,8.5,11.94
192,柳林,2019-12-28,-0.6,,0.4,65,8.4,12.13
192,柳林,2019-12-29,1.4,13,0.4,78.6,0,2.92
192,柳林,2019-12-30,6,0.6,0.4,84.1,1.8,5.6
192,柳林,2019-12-31,-1.1,,2.2,35.3,8.5,12.56
192,柳林,2020-01-01,-1.6,,0.5,56.1,8.5,11.67
192,柳林,2020-01-02,-0.3,,0.3,74,8.5,10.78
192,柳林,2020-01-03,0.5,,0.4,71.9,8.5,11.08
192,柳林,2020-01-04,0.9,,0.6,67.4,8,10.67
192,柳林,2020-01-05,1,,0.4,61.6,8.4,12.39
192,柳林,2020-01-06,3.1,13.8,0.3,85.3,0,1.67
192,柳林,2020-01-07,9.9,40.3,0.9,93.6,0,1.59
192,柳林,2020-01-08,7.4,,3.1,66.4,3.8,5.99
192,柳林,2020-01-09,3.1,,0.8,63.9,8.1,10.11
192,柳林,2020-01-10,0.7,,0.4,70.6,8.6,11.71
192,柳林,2020-01-11,2.9,,0.5,66.4,8.6,11.71
192,柳林,2020-01-12,2.4,,0.9,60.5,8.6,11.97
192,柳林,2020-01-13,-0.2,,0.6,68.8,8.2,12.02
192,柳林,2020-01-14,0.6,,0.8,58.9,4.5,7.92
192,柳林,2020-01-15,-0.4,,0.7,63.9,8.7,13.11
192,柳林,2020-01-16,0.6,,0.6,52.8,6.8,10.53
192,柳林,2020-01-17,1.9,,0.4,51.1,7.7,9.76
192,柳林,2020-01-18,1.7,,0.6,51.6,8.1,11.88
192,柳林,2020-01-19,1.1,,0.6,65.9,5.3,9.38
192,柳林,2020-01-20,0.7,,0.7,66.9,8.7,12.12
192,柳林,2020-01-21,0.6,,0.7,53,8.9,14.67
192,柳林,2020-01-22,3.5,20.1,0.5,76,0,1.39
192,柳林,2020-01-23,6.7,7.9,0.6,93.4,0.3,5.1
192,柳林,2020-01-24,5.8,,0.6,77.4,7.1,11.08
192,柳林,2020-01-25,6,,0.5,82.4,0.1,5.01
192,柳林,2020-01-26,7.3,,1.1,72.4,3.5,7.09
192,柳林,2020-01-27,5.9,22.8,1.7,89.6,0,1.18
192,柳林,2020-01-28,8.2,0.3,1.2,70.4,0,5.48
192,柳林,2020-01-29,6.6,0.5,0.7,81.6,0.8,6.14
192,柳林,2020-01-30,5.2,,0.8,72.6,5.2,9.9
192,柳林,2020-01-31,2.3,,0.6,73.1,8.5,13.79
192,柳林,2020-02-01,2,,0.8,70.3,9.1,13.62
192,柳林,2020-02-02,2.3,,0.5,74.1,9,12.71
192,柳林,2020-02-03,1.6,,0.7,65,8.4,13.74
192,柳林,2020-02-04,0.3,,0.7,60.9,9.5,15.96
192,柳林,2020-02-05,-0.1,,2.2,35.5,9.6,16.18
192,柳林,2020-02-06,-1.6,,1.1,31.5,8.6,13.91
192,柳林,2020-02-07,2.3,,0.7,40.9,8.5,12.61
192,柳林,2020-02-08,2.7,,1.6,49.3,9.6,15.32
192,柳林,2020-02-09,0.7,,0.7,50.4,9.7,16.22
192,柳林,2020-02-10,2.6,,0.7,64.5,9.4,14.07
192,柳林,2020-02-11,5.4,,0.6,62.9,8.9,13.13
192,柳林,2020-02-12,8.6,20.8,0.6,93.9,0,2.4
192,柳林,2020-02-13,8.3,,0.7,85.1,7.8,14
192,柳林,2020-02-14,9.2,,0.5,73.6,9.6,15.95
192,柳林,2020-02-15,10,0.5,0.7,76.4,5.2,11.08
192,柳林,2020-02-16,5,4,1.8,64,3.9,8.61
192,柳林,2020-02-17,-0.3,,2.9,51.1,6.3,13.12
192,柳林,2020-02-18,0.4,,1.1,48.3,10.2,18.41
192,柳林,2020-02-19,3.1,,0.6,54.9,9.9,16.63
192,柳林,2020-02-20,5.4,,0.6,58.9,9.9,16.84
192,柳林,2020-02-21,7,1.3,0.8,70.4,8.8,16.19
192,柳林,2020-02-22,8.3,0.5,2,52.9,10,17.63
192,柳林,2020-02-23,3.6,,0.9,59.1,10.1,19.03
192,柳林,2020-02-24,6.7,0.6,0.7,66,8.9,16.35
192,柳林,2020-02-25,8.1,17.1,0.8,94.5,0,1.12
192,柳林,2020-02-26,9.4,,0.9,79.1,5.5,13.15
192,柳林,2020-02-27,7.3,,1.1,67.6,4.3,11.47
192,柳林,2020-02-28,5.2,1.3,0.5,84.5,0,2.6
192,柳林,2020-02-29,6.5,,0.7,83.1,2.9,9.23
192,柳林,2020-03-01,8.9,0,0.9,74.1,3.8,12.13
192,柳林,2020-03-02,7.7,,1.6,43.6,9.8,19.34
192,柳林,2020-03-03,6.9,,0.6,67.6,5.5,11.4
192,柳林,2020-03-04,6.2,0,1.8,52,9.1,19.1
192,柳林,2020-03-05,3.3,,1.2,46.8,10.7,20.44
192,柳林,2020-03-06,4.1,,0.8,57.5,10.8,20.58
192,柳林,2020-03-07,4.5,3.9,0.6,86.6,0.7,6.75
192,柳林,2020-03-08,7.4,,0.8,75.1,10.5,20.63
192,柳林,2020-03-09,8,7.4,0.4,85,0.6,6.79
192,柳林,2020-03-10,9,10.3,1,79.3,0,3.7
192,柳林,2020-03-11,4.8,,1.5,56.6,10.7,22.38
192,柳林,2020-03-12,6,,1,56.8,10.8,22.04
192,柳林,2020-03-13,9.3,,0.8,52.6,8.6,18.23
192,柳林,2020-03-14,7.4,,2.2,24.1,10.9,22.91
192,柳林,2020-03-15,6,0,2.9,46.1,8.6,17.76
192,柳林,2020-03-16,5.6,,1.4,42.8,10.9,22.67
192,柳林,2020-03-17,9.3,,1.6,54.4,10.8,20.85
192,柳林,2020-03-18,9.4,,0.9,58.8,10.9,22.23
192,柳林,2020-03-19,12.1,,2.9,50.1,10.6,20.3
192,柳林,2020-03-20,10.6,,1.9,36.6,11.2,22.46
192,柳林,2020-03-21,12.3,,1.3,62.3,10.8,20.3
192,柳林,2020-03-22,13.6,,1.2,75.1,9.9,18.86
192,柳林,2020-03-23,11.6,,1.4,46.6,11.4,22.95
192,柳林,2020-03-24,9.6,,0.8,56.8,11,22.29
192,柳林,2020-03-25,11.2,,0.9,58.9,11.2,22.45
192,柳林,2020-03-26,10.8,18.6,0.4,88.8,0,2.26
192,柳林,2020-03-27,14.6,0.9,0.7,79.6,4.1,10.68
192,柳林,2020-03-28,8.7,,0.8,59.3,0,8.74
192,柳林,2020-03-29,9,,1.2,65.8,8.9,20.93
192,柳林,2020-03-30,11.4,,0.9,64.3,11.2,21.67
192,柳林,2020-03-31,11.4,,0.7,65.9,11.3,22.41
192,柳林,2020-04-01,13.6,0.4,1.3,46.8,6,15.89
192,柳林,2020-04-02,9.7,,0.8,44.6,10.8,22.96
192,柳林,2020-04-03,10.8,,0.9,47.9,11.1,23.81
192,柳林,2020-04-04,10.9,,1.3,42.1,11.3,24.45
192,柳林,2020-04-05,7.5,,0.7,43.8,11.3,25.91
192,柳林,2020-04-06,9.3,,0.7,51.1,10.5,24.31
192,柳林,2020-04-07,13,,0.8,51.3,11.2,22.03
192,柳林,2020-04-08,12.1,,1,37.3,11.4,24.65
192,柳林,2020-04-09,10.2,,0.8,42,11.3,23.62
192,柳林,2020-04-10,9.5,0,0.5,65.8,0,4.97
192,柳林,2020-04-11,9.2,4.2,0.5,79.3,0.4,8.97
192,柳林,2020-04-12,9.3,4.4,1.2,73,5.3,10.67
192,柳林,2020-04-13,9.9,,1.3,49.6,10.5,22.14
192,柳林,2020-04-14,11.8,,,54.8,11.8,26.2
192,柳林,2020-04-15,11.3,,0.5,54.9,8.7,17.99
192,柳林,2020-04-16,11.4,,0.8,68.1,11.7,24.69
192,柳林,2020-04-17,10.7,28.9,0.3,90.8,0,2.47
192,柳林,2020-04-18,14.1,,0.7,70.3,11.4,26.32
192,柳林,2020-04-19,10.8,30,0.7,90.3,0.1,4.14
192,柳林,2020-04-20,13.6,,1.7,68.5,9.5,23.32
192,柳林,2020-04-21,11.4,,2.1,36.9,11.2,26.8
192,柳林,2020-04-22,8.1,,2.1,40.6,11.5,26.92
192,柳林,2020-04-23,8.1,,1.6,51,12.4,27.73
192,柳林,2020-04-24,10.4,,2,42.3,12.4,28.19
192,柳林,2020-04-25,14.4,,1.8,58.8,12.2,25.56
192,柳林,2020-04-26,13.7,,1.2,52.4,11.7,27.69
192,柳林,2020-04-27,12.7,,0.8,50.8,11.5,24.33
192,柳林,2020-04-28,12.4,,0.7,54.3,12.5,27.66
192,柳林,2020-04-29,14.6,,0.9,51.4,12.6,27.62
192,柳林,2020-04-30,16,,1.2,68,12.6,27.94
192,柳林,2020-05-01,20.7,,1.4,74.1,12.2,25.73
192,柳林,2020-05-02,19.2,1.3,0.8,81.5,4.4,15.22
192,柳林,2020-05-03,16.8,29.5,0.4,94.9,0,4.02
192,柳林,2020-05-04,20.8,,0.6,81,10.2,24.07
192,柳林,2020-05-05,17.7,,0.6,81.1,0.9,7.84
192,柳林,2020-05-06,19.1,,1,63.5,12.6,27.78
192,柳林,2020-05-07,16.2,,1.2,53.5,12.6,28.19
192,柳林,2020-05-08,15.7,0,0.7,66.6,9.3,22
192,柳林,2020-05-09,17,45.9,1,92.6,0,3.29
192,柳林,2020-05-10,18.1,,1.1,72.1,9.3,23.37
192,柳林,2020-05-11,19.6,,0.6,58.8,12.6,28.76
192,柳林,2020-05-12,19.4,,2.3,44.3,12.7,27.36
192,柳林,2020-05-13,17.1,,0.9,51.8,12.7,29.29
192,柳林,2020-05-14,17.2,,0.6,55.3,9.4,21.61
192,柳林,2020-05-15,15,17.8,0.3,91.9,0,2.45
192,柳林,2020-05-16,19.4,0.8,0.4,84.8,7,21.23
192,柳林,2020-05-17,19.3,,0.9,82.6,7.8,21.27
192,柳林,2020-05-18,17.8,13.6,0.6,89,0,4.86
192,柳林,2020-05-19,14.3,0,1.7,75.5,6.6,17.06
192,柳林,2020-05-20,15.8,,0.9,72.3,7.5,24.66
192,柳林,2020-05-21,16.1,,0.9,75.8,5.6,17.05
192,柳林,2020-05-22,16.5,,0.9,72.9,11.3,24.93
192,柳林,2020-05-23,17.4,,1.1,72.4,13,28.7
192,柳林,2020-05-24,19.7,,1,80.3,5.5,18.18
192,柳林,2020-05-25,19.4,,0.5,74.4,4.1,17.67
192,柳林,2020-05-26,19.1,,0.6,78,6,17.66
192,柳林,2020-05-27,19.8,,0.8,63.3,12,28.26
192,柳林,2020-05-28,19.5,,0.9,66.5,13.1,28.61
192,柳林,2020-05-29,20.2,,0.8,65.5,12.1,27.99
192,柳林,2020-05-30,19.8,,0.7,61.8,4,17.05
192,柳林,2020-05-31,19.8,1.2,0.7,73.8,4,18.23
192,柳林,2020-06-01,22.1,,1.1,63.1,11.9,27.17
192,柳林,2020-06-02,20.2,0,0.9,56.6,12.7,29.94
192,柳林,2020-06-03,21.4,,0.9,77.3,6.1,20.51
192,柳林,2020-06-04,24.2,,1,76.6,10.2,26.91
192,柳林,2020-06-05,24.1,,0.9,72.3,10.4,23.12
192,柳林,2020-06-06,22.5,2.5,0.9,77.9,5.2,18.19
192,柳林,2020-06-07,22.6,,0.8,71.3,10.3,25.85
192,柳林,2020-06-08,23.1,,0.7,63.6,13,28.59
192,柳林,2020-06-09,24.2,,0.8,67.6,13.1,29.42
192,柳林,2020-06-10,24.7,0.4,0.9,75.8,10.4,25.34
192,柳林,2020-06-11,24.8,3.2,0.8,85.9,4.8,17.84
192,柳林,2020-06-12,24.6,11.2,0.9,87.5,5,18.63
192,柳林,2020-06-13,23.1,39.6,0.6,91.9,0.6,9.64
192,柳林,2020-06-14,24.4,11.6,1.2,90.9,4.1,13.21
192,柳林,2020-06-15,23.6,,0.8,75.1,12,28.37
192,柳林,2020-06-16,23.9,,0.8,64.9,13.2,28.86
192,柳林,2020-06-17,21.5,0.5,0.6,77.9,4.8,16.24
192,柳林,2020-06-18,18.1,38.5,0.7,95.9,0,3.73
192,柳林,2020-06-19,22.3,2.2,1.1,77.1,8.3,24.97
192,柳林,2020-06-20,22.3,,0.6,80.4,5.8,17.62
192,柳林,2020-06-21,22.3,,0.9,78.8,9.9,24.86
192,柳林,2020-06-22,22.9,,1.2,76.4,11.7,29.15
192,柳林,2020-06-23,23.4,,0.8,75.1,10.7,28.16
192,柳林,2020-06-24,22,26.9,0.3,92.8,0,5.89
192,柳林,2020-06-25,22.9,2.9,0.8,94.9,0,7.24
192,柳林,2020-06-26,24.4,,1,76.4,12,29.37
192,柳林,2020-06-27,24.2,,0.6,82.1,7.3,20.7
192,柳林,2020-06-28,25.8,,0.8,78.5,11.7,28.2
192,柳林,2020-06-29,21.8,92.6,1,92.3,0,4.96
192,柳林,2020-06-30,22.7,2.1,2.9,77,8.7,26.48
192,柳林,2020-07-01,22.3,,0.8,77.4,6.2,18.61
192,柳林,2020-07-02,21.6,,0.6,81.4,5.8,15.12
192,柳林,2020-07-03,19.5,10.4,0.8,91.4,0,4.98
192,柳林,2020-07-04,21.1,,0.5,84.5,1.1,13.16
192,柳林,2020-07-05,22.2,,0.5,83.8,4,16.67
192,柳林,2020-07-06,22,0,0.3,92.8,0,5.14
192,柳林,2020-07-07,24.6,,1,84.9,9.6,24.76
192,柳林,2020-07-08,24.9,,0.9,80.3,9.4,23.96
192,柳林,2020-07-09,22.6,2.6,1.1,90.6,0.5,9.32
192,柳林,2020-07-10,23.9,62.6,1,91.6,3.7,12.73
192,柳林,2020-07-11,24.7,,1.1,87.3,2.9,15.78
192,柳林,2020-07-12,20.9,71,0.9,95.1,0,4.07
192,柳林,2020-07-13,19.3,121.1,0.6,98.9,0,3.36
192,柳林,2020-07-14,20.2,7.9,1,96.3,0,6.85
192,柳林,2020-07-15,19.5,7.5,0.5,97.8,0,6.36
192,柳林,2020-07-16,22,,0.8,83.1,8.9,24.37
192,柳林,2020-07-17,22.7,,0.9,81.9,8.9,23.65
192,柳林,2020-07-18,22.1,,0.7,84.8,1.7,13.39
192,柳林,2020-07-19,23.3,6.6,0.7,94.1,0,5.3
192,柳林,2020-07-20,26.3,0.7,1.4,88,4.2,14.18
192,柳林,2020-07-21,25.2,8.3,0.7,84.4,6,18.14
192,柳林,2020-07-22,23.4,36.1,0.5,95.3,0,5.43
192,柳林,2020-07-23,22.5,102.8,1.2,96.8,0,2.75
192,柳林,2020-07-24,21.1,9.3,1.2,92.5,0,3.21
192,柳林,2020-07-25,21.6,5.2,0.5,95.6,0.1,6.92
192,柳林,2020-07-26,23.7,,0.9,81.3,10.8,26.09
192,柳林,2020-07-27,22,41.4,0.5,94.9,0,4.72
192,柳林,2020-07-28,24.4,21.9,0.7,94.9,0.7,10.02
192,柳林,2020-07-29,24.4,23.7,0.4,95.6,0.3,6.66
192,柳林,2020-07-30,24.6,48.4,0.8,93.8,3.2,9.48
192,柳林,2020-07-31,26.2,,0.8,88.3,6.5,18.24
192,柳林,2020-08-01,26.6,,0.9,85.1,5.9,18.52
192,柳林,2020-08-02,27.4,,1.3,84.6,5.3,17.79
192,柳林,2020-08-03,27.2,,1.2,84.9,2.4,14.3
192,柳林,2020-08-04,27.4,,1,85.8,8.3,21.08
192,柳林,2020-08-05,27.1,26.6,1.1,90.4,2.3,12.96
192,柳林,2020-08-06,26.9,11.8,1.6,89.3,0.2,5.83
192,柳林,2020-08-07,25.4,90.3,0.8,95,0,4.13
192,柳林,2020-08-08,25.3,107.5,1.1,94.4,0,2.83
192,柳林,2020-08-09,27.4,1.1,1.6,84.6,9.2,21.88
192,柳林,2020-08-10,25.8,68.9,1.2,95.3,0,4.73
192,柳林,2020-08-11,26.5,21.9,1.2,89.8,3,9.37
192,柳林,2020-08-12,27.8,1.8,1,88.6,3.1,12.22
192,柳林,2020-08-13,28,,1.2,84.5,8.3,20.7
192,柳林,2020-08-14,28.7,,1.5,82.5,12.1,22.83
192,柳林,2020-08-15,29.2,,1.3,79.4,12.5,25.5
192,柳林,2020-08-16,28.4,,1,81.5,11.3,25.36
192,柳林,2020-08-17,28.3,,0.8,81.3,10.1,25.08
192,柳林,2020-08-18,28.5,,0.9,79.5,12.2,25.53
192,柳林,2020-08-19,28.3,,0.7,78.5,12.3,25.98
192,柳林,2020-08-20,28.4,,0.8,77.4,12.3,25.89
192,柳林,2020-08-21,27.5,,0.9,80.8,8.2,21.78
192,柳林,2020-08-22,26.7,,0.8,79.1,4.1,14.2
192,柳林,2020-08-23,26.6,,0.8,79.5,8.4,19.55
192,柳林,2020-08-24,27.1,,0.8,79.1,11.5,23.42
192,柳林,2020-08-25,28,0,1,77.8,10.5,20.38
192,柳林,2020-08-26,27.4,8.3,2.1,85,4.9,12.4
192,柳林,2020-08-27,27.3,14.6,1.4,88.8,3.3,13.48
192,柳林,2020-08-28,26.7,0.8,0.5,90.1,4.1,10.59
192,柳林,2020-08-29,27.2,0.9,0.8,86.9,8.5,20.03
192,柳林,2020-08-30,27.8,0,0.9,83.8,8.6,22.61
192,柳林,2020-08-31,26.6,2.2,1.1,81.9,2.2,10.34
192,柳林,2020-09-01,26,0,0.8,79.6,4.1,13.67
192,柳林,2020-09-02,25.2,49.9,1.4,91,0,3.75
192,柳林,2020-09-03,25.8,50.5,3.9,66.6,10.5,22.83
192,柳林,2020-09-04,22.6,,0.9,81.3,9.8,21.67
192,柳林,2020-09-05,19.9,7.3,0.6,92.9,0,3.47
192,柳林,2020-09-06,20.3,7.9,1.6,89.1,0,4.26
192,柳林,2020-09-07,22.2,49.9,3.3,81.1,1.8,9.55
192,柳林,2020-09-08,24.3,0.5,1.8,79.9,8.5,17.25
192,柳林,2020-09-09,22.5,10.8,0.9,85.6,6.8,15.36
192,柳林,2020-09-10,22.9,10.5,0.6,82.9,7.9,18.58
192,柳林,2020-09-11,21.8,3.3,0.8,88.5,0.6,6.82
192,柳林,2020-09-12,21.2,2.4,1.3,82.4,1.6,9.95
192,柳林,2020-09-13,20.5,0.4,0.5,86.8,1,9.86
192,柳林,2020-09-14,22.1,,0.6,83,6.8,18.36
192,柳林,2020-09-15,22.8,,0.6,80,9.8,18.78
192,柳林,2020-09-16,21.4,1.8,0.4,91.6,0.1,5.86
192,柳林,2020-09-17,20.6,3.7,0.3,92.6,0.1,5.42
192,柳林,2020-09-18,18.9,1.1,0.6,87.6,1.7,9.29
192,柳林,2020-09-19,18.6,,1,74.5,10.1,18.84
192,柳林,2020-09-20,18.2,,0.9,71.8,10.7,22.09
192,柳林,2020-09-21,17.5,,0.8,71.1,10.5,19.86
192,柳林,2020-09-22,17.6,,1,75.6,4.4,12.48
192,柳林,2020-09-23,19.1,,1.1,70.5,1.2,9.66
192,柳林,2020-09-24,20.2,0,1.4,70.8,4.5,13.41
192,柳林,2020-09-25,19.9,,0.9,74.6,7.1,14.86
192,柳林,2020-09-26,18.9,,0.8,73.8,8.5,18.24
192,柳林,2020-09-27,18.4,,0.9,75.5,8.7,16.65
192,柳林,2020-09-28,17,,0.7,76,10.6,20.53
192,柳林,2020-09-29,17,,0.6,78.1,10.1,18.67
192,柳林,2020-09-30,18.9,,0.8,72.8,9.3,17.61
192,柳林,2020-10-01,19.3,,0.8,75.4,9.7,19.11
192,柳林,2020-10-02,19.5,,0.8,82.1,8.5,17.49
192,柳林,2020-10-03,20.6,0,0.7,77.4,5.7,14.62
192,柳林,2020-10-04,19.5,0.2,0.6,82.8,1.8,9.27
192,柳林,2020-10-05,15.9,,1.8,52.1,10.5,20.46
192,柳林,2020-10-06,15.1,,0.8,62.1,10.5,20.29
192,柳林,2020-10-07,17.4,,1.2,60.5,10.1,19.19
192,柳林,2020-10-08,18.2,,2.4,57,9.8,18.16
192,柳林,2020-10-09,18.8,,2.2,53.1,9.6,17.7
192,柳林,2020-10-10,18.3,,1.2,64.4,4.3,12.28
192,柳林,2020-10-11,16.2,,0.8,72.8,8.4,16.57
192,柳林,2020-10-12,17.2,,0.8,73,9.2,17.23
192,柳林,2020-10-13,14.2,,0.8,63.1,7.7,15.67
192,柳林,2020-10-14,13.4,,0.7,63.5,5.6,11.97
192,柳林,2020-10-15,14,,1,50.1,9.6,17.72
192,柳林,2020-10-16,12.1,0,0.4,73.6,0.4,5.27
192,柳林,2020-10-17,14.2,,0.6,71.3,9.3,16.84
192,柳林,2020-10-18,13.6,,0.5,72,9.9,16.1
192,柳林,2020-10-19,12.8,,0.6,69.4,9.7,16.09
192,柳林,2020-10-20,12.8,,0.6,68.9,10,17.19
192,柳林,2020-10-21,13.4,27.6,0.4,85,1,5.23
192,柳林,2020-10-22,14.8,0.8,0.6,77.6,1.3,7.44
192,柳林,2020-10-23,11.1,,1.4,53.1,10,17.77
192,柳林,2020-10-24,9.4,,0.8,63.5,10,17.18
192,柳林,2020-10-25,10.8,,0.6,74,9.1,16.1
192,柳林,2020-10-26,11.4,,0.5,74,9.3,15.81
192,柳林,2020-10-27,11.7,,0.4,73.8,9.7,14.5
192,柳林,2020-10-28,12.7,0,0.4,80.9,4.2,7.97
192,柳林,2020-10-29,10.5,,0.6,65,9.9,15.63
192,柳林,2020-10-30,10.7,,0.5,69.1,9.9,15.15
192,柳林,2020-10-31,9.9,,0.4,75.4,9,13.88
192,柳林,2020-11-01,11.7,0.4,0.4,82.9,0.1,3.59
192,柳林,2020-11-02,11.8,1.9,0.5,79.6,5.3,9.82
192,柳林,2020-11-03,7.3,,2,57,9.5,15.3
192,柳林,2020-11-04,5.3,,0.6,64.6,9.5,15.74
192,柳林,2020-11-05,7.5,,0.4,63.5,8,12.28
192,柳林,2020-11-06,11,0,0.4,74.4,0.1,4.16
192,柳林,2020-11-07,12.8,,0.4,77.9,5.9,11.36
192,柳林,2020-11-08,10.2,,1.3,51,9.3,13.9
192,柳林,2020-11-09,8,,1.7,42.9,9.3,14.91
192,柳林,2020-11-10,7.8,,0.7,56.8,9.4,14.22
192,柳林,2020-11-11,6.4,,0.6,63.8,9.3,13.92
192,柳林,2020-11-12,7.5,,0.5,72.5,9.2,13.81
192,柳林,2020-11-13,8.4,,0.4,74.4,9.2,12.8
192,柳林,2020-11-14,9.8,,0.4,82.3,8.1,10.66
192,柳林,2020-11-15,10.3,,0.4,79.6,9,12.9
192,柳林,2020-11-16,11.3,,0.5,73.4,8.4,12.39
