지점,지점명,일시,평균기온(°C),일강수량(mm),평균 풍속(m/s),평균 상대습도(%),합계 일조시간(hr),합계 일사량(MJ/m2)
192,진주,2019-01-01,-1.300 ,,0.900 ,50.400 ,7.700 ,10.830 
192,진주,2019-01-02,-0.600 ,,1.000 ,48.800 ,8.500 ,11.760 
192,진주,2019-01-03,-1.800 ,,0.400 ,50.000 ,8.500 ,12.460 
192,진주,2019-01-04,-0.400 ,,0.300 ,45.800 ,3.300 ,6.190 
192,진주,2019-01-05,2.300 ,,0.800 ,48.000 ,7.400 ,10.560 
192,진주,2019-01-06,0.000 ,,0.500 ,38.300 ,7.800 ,11.530 
192,진주,2019-01-07,0.100 ,,0.600 ,44.000 ,8.500 ,10.750 
192,진주,2019-01-08,0.800 ,,1.300 ,44.000 ,8.500 ,11.120 
192,진주,2019-01-09,-0.400 ,,1.000 ,38.800 ,4.800 ,8.810 
192,진주,2019-01-10,2.500 ,,1.300 ,47.400 ,6.800 ,10.720 
192,진주,2019-01-11,2.400 ,0.000 ,0.600 ,64.100 ,7.100 ,10.200 
192,진주,2019-01-12,3.700 ,4.000 ,0.600 ,83.600 ,3.200 ,6.360 
192,진주,2019-01-13,1.600 ,,0.400 ,76.600 ,7.100 ,10.950 
192,진주,2019-01-14,1.200 ,,0.400 ,65.900 ,7.900 ,11.270 
192,진주,2019-01-15,2.200 ,,1.200 ,55.900 ,7.500 ,9.790 
192,진주,2019-01-16,-0.800 ,,1.500 ,30.100 ,8.800 ,12.950 
192,진주,2019-01-17,0.000 ,,1.200 ,51.500 ,8.800 ,13.320 
192,진주,2019-01-18,0.700 ,,0.500 ,56.600 ,8.800 ,13.350 
192,진주,2019-01-19,3.700 ,0.000 ,0.600 ,61.600 ,4.300 ,8.710 
192,진주,2019-01-20,3.500 ,0.000 ,1.800 ,49.400 ,8.200 ,12.390 
192,진주,2019-01-21,-0.500 ,,0.700 ,55.100 ,9.000 ,13.560 
192,진주,2019-01-22,0.500 ,,0.600 ,62.300 ,9.000 ,13.100 
192,진주,2019-01-23,1.700 ,,0.700 ,55.800 ,9.000 ,12.270 
192,진주,2019-01-24,0.800 ,,0.600 ,50.900 ,9.000 ,14.360 
192,진주,2019-01-25,0.400 ,,1.400 ,45.100 ,3.900 ,8.140 
192,진주,2019-01-26,-0.300 ,,2.200 ,27.600 ,9.200 ,14.240 
192,진주,2019-01-27,-1.400 ,,0.700 ,48.300 ,9.200 ,14.480 
192,진주,2019-01-28,1.700 ,,1.600 ,44.900 ,8.400 ,12.450 
192,진주,2019-01-29,0.100 ,,0.700 ,49.500 ,9.200 ,14.080 
192,진주,2019-01-30,3.800 ,,0.600 ,46.500 ,4.400 ,10.540 
192,진주,2019-01-31,0.700 ,9.500 ,1.000 ,71.600 ,0.700 ,2.330 
192,진주,2019-02-01,-1.000 ,,1.000 ,59.500 ,9.400 ,14.940 
192,진주,2019-02-02,1.400 ,0.000 ,0.600 ,65.400 ,9.300 ,14.390 
192,진주,2019-02-03,6.800 ,13.500 ,1.200 ,82.500 ,0.100 ,2.270 
192,진주,2019-02-04,4.800 ,,2.100 ,31.500 ,8.800 ,14.690 
192,진주,2019-02-05,2.400 ,,0.600 ,49.100 ,9.000 ,14.870 
192,진주,2019-02-06,5.100 ,,0.600 ,57.800 ,8.300 ,13.540 
192,진주,2019-02-07,5.200 ,,1.800 ,45.900 ,4.800 ,9.820 
192,진주,2019-02-08,1.700 ,,1.300 ,23.900 ,7.900 ,14.050 
192,진주,2019-02-09,1.200 ,,1.900 ,28.300 ,7.900 ,13.560 
192,진주,2019-02-10,2.100 ,,1.000 ,35.500 ,5.600 ,9.930 
192,진주,2019-02-11,1.100 ,,1.800 ,34.400 ,9.800 ,15.780 
192,진주,2019-02-12,0.900 ,,0.700 ,48.000 ,8.800 ,14.930 
192,진주,2019-02-13,3.200 ,,1.400 ,34.100 ,9.600 ,15.000 
192,진주,2019-02-14,2.500 ,,1.000 ,37.000 ,6.400 ,12.910 
192,진주,2019-02-15,4.100 ,,0.800 ,52.300 ,3.000 ,10.060 
192,진주,2019-02-16,1.800 ,,1.800 ,44.300 ,8.500 ,15.140 
192,진주,2019-02-17,0.700 ,,0.800 ,41.100 ,10.100 ,17.370 
192,진주,2019-02-18,2.300 ,0.000 ,0.500 ,44.000 ,0.600 ,6.560 
192,진주,2019-02-19,4.200 ,29.000 ,0.500 ,85.900 ,0.000 ,4.300 
192,진주,2019-02-20,4.500 ,,1.300 ,58.500 ,9.600 ,16.610 
192,진주,2019-02-21,4.000 ,,0.900 ,57.800 ,9.400 ,16.850 
192,진주,2019-02-22,4.200 ,,0.400 ,64.000 ,4.000 ,10.160 
192,진주,2019-02-23,5.400 ,,0.900 ,62.100 ,9.600 ,16.950 
192,진주,2019-02-24,5.900 ,,0.700 ,65.000 ,10.100 ,17.290 
192,진주,2019-02-25,6.900 ,,0.600 ,56.000 ,9.700 ,17.230 
192,진주,2019-02-26,6.600 ,,0.800 ,49.400 ,10.000 ,17.020 
192,진주,2019-02-27,7.900 ,0.500 ,0.800 ,67.800 ,1.400 ,8.040 
192,진주,2019-02-28,8.500 ,0.500 ,0.800 ,64.600 ,8.200 ,15.460 
192,진주,2019-03-01,6.700 ,,0.700 ,58.800 ,9.500 ,17.650 
192,진주,2019-03-02,7.600 ,,0.700 ,63.400 ,8.800 ,13.460 
192,진주,2019-03-03,10.200 ,0.000 ,0.800 ,61.000 ,3.400 ,10.300 
192,진주,2019-03-04,10.200 ,,0.900 ,63.400 ,8.800 ,16.180 
192,진주,2019-03-05,8.900 ,,0.700 ,65.800 ,5.400 ,12.090 
192,진주,2019-03-06,9.200 ,2.000 ,0.800 ,80.500 ,4.200 ,10.680 
192,진주,2019-03-07,7.500 ,,1.200 ,62.800 ,9.300 ,16.080 
192,진주,2019-03-08,6.700 ,,0.800 ,65.800 ,10.600 ,19.920 
192,진주,2019-03-09,8.000 ,0.000 ,0.900 ,69.400 ,9.300 ,16.960 
192,진주,2019-03-10,7.100 ,21.000 ,1.200 ,92.400 ,0.000 ,4.040 
192,진주,2019-03-11,6.800 ,0.000 ,1.300 ,79.900 ,6.600 ,15.260 
192,진주,2019-03-12,6.900 ,0.000 ,1.900 ,65.900 ,6.400 ,15.420 
192,진주,2019-03-13,4.500 ,,2.200 ,38.400 ,9.700 ,18.960 
192,진주,2019-03-14,5.300 ,,0.900 ,54.300 ,10.800 ,21.550 
192,진주,2019-03-15,5.100 ,0.000 ,1.600 ,65.400 ,6.000 ,14.320 
192,진주,2019-03-16,6.100 ,,1.200 ,64.800 ,10.800 ,20.190 
192,진주,2019-03-17,7.200 ,,0.800 ,61.500 ,11.000 ,21.910 
192,진주,2019-03-18,8.100 ,,1.000 ,63.900 ,7.200 ,14.260 
192,진주,2019-03-19,11.600 ,,0.900 ,59.600 ,10.700 ,19.490 
192,진주,2019-03-20,11.200 ,19.000 ,0.700 ,81.400 ,0.500 ,7.100 
192,진주,2019-03-21,14.600 ,0.000 ,2.000 ,58.400 ,9.400 ,17.110 
192,진주,2019-03-22,9.300 ,,1.800 ,40.900 ,10.800 ,23.330 
192,진주,2019-03-23,6.300 ,0.000 ,2.100 ,41.800 ,8.700 ,19.320 
192,진주,2019-03-24,4.900 ,,1.200 ,55.600 ,11.400 ,24.040 
192,진주,2019-03-25,6.000 ,,0.900 ,64.900 ,8.200 ,15.150 
192,진주,2019-03-26,9.700 ,,0.800 ,59.800 ,10.500 ,22.480 
192,진주,2019-03-27,12.300 ,,1.600 ,55.500 ,10.700 ,21.140 
192,진주,2019-03-28,12.800 ,,1.100 ,68.000 ,9.600 ,19.190 
192,진주,2019-03-29,12.700 ,,0.900 ,77.000 ,8.800 ,18.320 
192,진주,2019-03-30,11.200 ,0.000 ,2.500 ,53.500 ,9.800 ,20.510 
192,진주,2019-03-31,6.600 ,,2.200 ,37.800 ,10.800 ,24.300 
192,진주,2019-04-01,6.300 ,,1.600 ,42.100 ,10.700 ,23.370 
192,진주,2019-04-02,7.700 ,,1.400 ,45.600 ,11.400 ,25.030 
192,진주,2019-04-03,8.800 ,,1.300 ,33.000 ,11.300 ,25.560 
192,진주,2019-04-04,10.900 ,,1.400 ,40.300 ,11.200 ,24.920 
192,진주,2019-04-05,12.800 ,,1.400 ,48.800 ,11.100 ,21.760 
192,진주,2019-04-06,12.600 ,,1.200 ,45.500 ,11.300 ,24.050 
192,진주,2019-04-07,11.500 ,,0.600 ,82.400 ,1.300 ,6.850 
192,진주,2019-04-08,14.300 ,,1.200 ,67.900 ,8.600 ,20.660 
192,진주,2019-04-09,10.400 ,24.000 ,2.000 ,66.500 ,5.300 ,13.170 
192,진주,2019-04-10,8.400 ,10.900 ,1.700 ,79.600 ,0.000 ,7.090 
192,진주,2019-04-11,9.100 ,,0.800 ,76.500 ,5.800 ,15.080 
192,진주,2019-04-12,10.900 ,,1.000 ,63.900 ,9.000 ,23.840 
192,진주,2019-04-13,11.500 ,,0.900 ,58.400 ,7.200 ,17.110 
192,진주,2019-04-14,12.200 ,0.000 ,1.600 ,54.600 ,3.600 ,10.100 
192,진주,2019-04-15,11.300 ,,1.100 ,52.800 ,12.000 ,26.040 
192,진주,2019-04-16,13.100 ,,0.900 ,54.500 ,10.300 ,21.740 
192,진주,2019-04-17,15.200 ,,1.000 ,62.400 ,8.200 ,18.620 
192,진주,2019-04-18,14.800 ,,1.100 ,72.000 ,11.600 ,25.500 
192,진주,2019-04-19,12.700 ,,0.800 ,82.000 ,0.900 ,5.170 
192,진주,2019-04-20,14.000 ,,0.900 ,71.500 ,11.800 ,25.450 
192,진주,2019-04-21,16.500 ,,0.700 ,74.500 ,7.300 ,16.320 
192,진주,2019-04-22,17.500 ,,0.900 ,73.500 ,11.100 ,21.010 
192,진주,2019-04-23,14.700 ,8.300 ,0.400 ,90.100 ,0.000 ,5.220 
192,진주,2019-04-24,17.600 ,6.000 ,0.500 ,93.300 ,1.900 ,10.520 
192,진주,2019-04-25,15.200 ,11.100 ,0.700 ,95.400 ,0.100 ,3.720 
192,진주,2019-04-26,12.300 ,0.000 ,1.300 ,80.100 ,0.400 ,8.320 
192,진주,2019-04-27,12.000 ,0.000 ,1.100 ,71.100 ,11.100 ,24.980 
192,진주,2019-04-28,12.000 ,0.100 ,0.800 ,76.500 ,5.500 ,16.540 
192,진주,2019-04-29,11.100 ,54.200 ,0.600 ,94.000 ,0.000 ,2.240 
192,진주,2019-04-30,15.700 ,,1.000 ,85.000 ,6.900 ,15.640 
192,진주,2019-05-01,16.700 ,,1.000 ,71.000 ,7.300 ,19.500 
192,진주,2019-05-02,16.000 ,,1.000 ,59.000 ,12.600 ,28.090 
192,진주,2019-05-03,16.200 ,,1.100 ,55.500 ,12.600 ,27.750 
192,진주,2019-05-04,16.700 ,,0.700 ,60.600 ,11.400 ,24.090 
192,진주,2019-05-05,18.100 ,,0.900 ,60.100 ,11.600 ,25.170 
192,진주,2019-05-06,15.400 ,,1.200 ,65.400 ,10.900 ,26.320 
192,진주,2019-05-07,14.600 ,0.000 ,1.200 ,58.000 ,12.900 ,28.730 
192,진주,2019-05-08,14.700 ,,0.900 ,59.600 ,9.900 ,22.160 
192,진주,2019-05-09,16.200 ,,0.800 ,54.900 ,10.100 ,25.470 
192,진주,2019-05-10,16.700 ,,0.900 ,56.900 ,11.500 ,27.000 
192,진주,2019-05-11,17.900 ,,0.900 ,55.800 ,12.500 ,27.350 
192,진주,2019-05-12,18.300 ,,0.900 ,55.300 ,12.300 ,27.590 
192,진주,2019-05-13,17.800 ,,1.000 ,65.500 ,10.400 ,23.500 
192,진주,2019-05-14,21.000 ,0.000 ,1.200 ,72.000 ,9.300 ,21.080 
192,진주,2019-05-15,20.300 ,,0.900 ,70.300 ,11.000 ,23.210 
192,진주,2019-05-16,20.800 ,,0.800 ,64.800 ,11.600 ,26.310 
192,진주,2019-05-17,20.700 ,4.700 ,1.300 ,67.500 ,8.400 ,20.590 
192,진주,2019-05-18,17.200 ,44.200 ,1.100 ,93.600 ,0.000 ,3.590 
192,진주,2019-05-19,18.600 ,15.700 ,0.500 ,95.000 ,0.000 ,5.690 
192,진주,2019-05-20,17.500 ,0.400 ,1.400 ,67.800 ,5.800 ,14.800 
192,진주,2019-05-21,17.600 ,,1.300 ,46.900 ,13.100 ,30.260 
192,진주,2019-05-22,18.700 ,,1.200 ,57.000 ,13.100 ,29.920 
192,진주,2019-05-23,21.100 ,,1.000 ,61.300 ,12.800 ,28.570 
192,진주,2019-05-24,21.500 ,,1.000 ,64.800 ,12.800 ,27.110 
192,진주,2019-05-25,22.400 ,,0.700 ,62.400 ,10.000 ,21.720 
192,진주,2019-05-26,22.000 ,0.100 ,1.100 ,66.900 ,9.200 ,26.030 
192,진주,2019-05-27,19.800 ,66.000 ,1.900 ,90.500 ,0.000 ,3.110 
192,진주,2019-05-28,18.800 ,,1.500 ,50.800 ,9.600 ,23.890 
192,진주,2019-05-29,19.700 ,,1.100 ,54.100 ,13.300 ,29.780 
192,진주,2019-05-30,20.300 ,0.000 ,1.100 ,54.400 ,9.900 ,24.240 
192,진주,2019-05-31,17.100 ,1.200 ,1.100 ,76.300 ,8.100 ,22.200 
192,진주,2019-06-01,19.000 ,,0.900 ,67.300 ,10.300 ,24.550 
192,진주,2019-06-02,20.100 ,,0.900 ,65.800 ,12.300 ,25.580 
192,진주,2019-06-03,21.500 ,,1.000 ,64.900 ,12.700 ,28.110 
192,진주,2019-06-04,22.500 ,,1.100 ,71.400 ,12.100 ,27.960 
192,진주,2019-06-05,23.900 ,,0.900 ,65.900 ,12.500 ,28.010 
192,진주,2019-06-06,21.100 ,21.400 ,1.000 ,82.100 ,7.400 ,18.210 
192,진주,2019-06-07,19.000 ,15.800 ,0.700 ,89.300 ,0.200 ,7.340 
192,진주,2019-06-08,20.200 ,0.200 ,1.000 ,79.300 ,10.200 ,24.260 
192,진주,2019-06-09,20.600 ,,1.300 ,71.800 ,11.000 ,27.220 
192,진주,2019-06-10,19.200 ,0.300 ,1.300 ,72.400 ,2.600 ,14.030 
192,진주,2019-06-11,19.000 ,1.900 ,1.100 ,75.900 ,7.600 ,22.180 
192,진주,2019-06-12,20.700 ,,1.100 ,71.800 ,10.200 ,26.820 
192,진주,2019-06-13,21.100 ,,1.200 ,72.300 ,9.100 ,26.040 
192,진주,2019-06-14,19.100 ,2.700 ,0.600 ,82.900 ,0.300 ,6.700 
192,진주,2019-06-15,21.900 ,0.000 ,1.300 ,67.600 ,10.600 ,26.380 
192,진주,2019-06-16,20.900 ,,1.100 ,70.800 ,10.000 ,25.410 
192,진주,2019-06-17,21.900 ,,1.200 ,73.900 ,8.900 ,23.800 
192,진주,2019-06-18,22.300 ,,0.900 ,76.000 ,5.300 ,17.170 
192,진주,2019-06-19,22.800 ,0.000 ,1.000 ,77.600 ,8.600 ,22.270 
192,진주,2019-06-20,24.200 ,,1.100 ,72.300 ,10.800 ,25.050 
192,진주,2019-06-21,24.400 ,,1.100 ,69.900 ,11.000 ,25.900 
192,진주,2019-06-22,22.300 ,0.500 ,1.200 ,75.400 ,3.700 ,15.640 
192,진주,2019-06-23,21.500 ,6.300 ,1.200 ,71.900 ,11.000 ,27.050 
192,진주,2019-06-24,21.900 ,,1.100 ,76.300 ,10.200 ,24.890 
192,진주,2019-06-25,23.300 ,,1.200 ,71.900 ,12.700 ,27.930 
192,진주,2019-06-26,18.500 ,93.700 ,0.500 ,93.400 ,0.000 ,1.980 
192,진주,2019-06-27,23.900 ,40.000 ,0.700 ,88.500 ,4.900 ,15.950 
192,진주,2019-06-28,24.200 ,,1.100 ,81.500 ,6.700 ,21.830 
192,진주,2019-06-29,20.700 ,60.900 ,0.500 ,94.500 ,0.000 ,2.380 
192,진주,2019-06-30,23.900 ,,0.700 ,86.100 ,4.400 ,18.070 
192,진주,2019-07-01,23.800 ,0.300 ,0.700 ,87.100 ,1.200 ,9.360 
192,진주,2019-07-02,24.000 ,,0.900 ,78.000 ,11.600 ,26.730 
192,진주,2019-07-03,23.100 ,,0.800 ,81.900 ,4.800 ,16.560 
192,진주,2019-07-04,24.500 ,,0.800 ,72.300 ,11.900 ,26.270 
192,진주,2019-07-05,24.800 ,,0.800 ,74.600 ,12.000 ,23.590 
192,진주,2019-07-06,25.000 ,,1.500 ,63.400 ,13.200 ,28.860 
192,진주,2019-07-07,23.100 ,,1.300 ,69.000 ,6.300 ,19.860 
192,진주,2019-07-08,23.100 ,0.000 ,1.300 ,65.600 ,6.700 ,19.840 
192,진주,2019-07-09,23.000 ,,1.400 ,67.100 ,4.000 ,15.080 
192,진주,2019-07-10,20.700 ,27.000 ,1.000 ,87.100 ,0.000 ,3.780 
192,진주,2019-07-11,24.200 ,0.100 ,1.300 ,80.500 ,6.100 ,19.760 
192,진주,2019-07-12,24.300 ,,1.100 ,73.400 ,10.400 ,26.450 
192,진주,2019-07-13,22.100 ,0.900 ,0.800 ,87.600 ,3.400 ,10.290 
192,진주,2019-07-14,23.800 ,0.600 ,0.900 ,80.300 ,6.500 ,17.700 
192,진주,2019-07-15,24.100 ,5.100 ,0.900 ,79.100 ,6.600 ,18.140 
192,진주,2019-07-16,23.700 ,4.800 ,0.900 ,81.100 ,8.500 ,20.320 
192,진주,2019-07-17,24.400 ,2.000 ,0.900 ,78.000 ,9.800 ,22.150 
192,진주,2019-07-18,22.500 ,24.800 ,0.700 ,91.300 ,0.000 ,5.760 
192,진주,2019-07-19,23.500 ,30.700 ,0.700 ,94.500 ,0.000 ,1.780 
192,진주,2019-07-20,24.100 ,113.100 ,2.700 ,93.900 ,0.000 ,2.850 
192,진주,2019-07-21,25.300 ,24.000 ,2.000 ,87.300 ,2.300 ,12.620 
192,진주,2019-07-22,26.800 ,,1.100 ,85.100 ,8.800 ,20.600 
192,진주,2019-07-23,27.300 ,,1.200 ,82.500 ,9.300 ,21.900 
192,진주,2019-07-24,26.300 ,,1.200 ,86.300 ,1.600 ,12.290 
192,진주,2019-07-25,26.600 ,0.000 ,0.900 ,88.600 ,2.500 ,9.780 
192,진주,2019-07-26,27.100 ,0.000 ,1.100 ,87.300 ,2.500 ,13.840 
192,진주,2019-07-27,26.700 ,0.600 ,0.600 ,90.100 ,0.000 ,5.430 
192,진주,2019-07-28,27.700 ,,1.500 ,82.600 ,7.100 ,19.420 
192,진주,2019-07-29,27.800 ,,1.100 ,81.000 ,11.300 ,23.550 
192,진주,2019-07-30,28.500 ,,1.400 ,80.400 ,9.700 ,22.150 
192,진주,2019-07-31,28.800 ,,1.500 ,79.300 ,11.900 ,26.190 
192,진주,2019-08-01,28.400 ,,1.100 ,78.600 ,12.500 ,27.190 
192,진주,2019-08-02,28.800 ,,0.900 ,77.800 ,12.000 ,25.280 
192,진주,2019-08-03,28.500 ,,0.700 ,79.100 ,9.800 ,22.720 
192,진주,2019-08-04,29.000 ,,0.900 ,73.300 ,11.600 ,24.630 
192,진주,2019-08-05,29.000 ,,0.700 ,75.400 ,9.700 ,21.670 
192,진주,2019-08-06,26.500 ,7.300 ,1.300 ,78.800 ,2.400 ,10.480 
192,진주,2019-08-07,27.700 ,0.000 ,1.200 ,80.600 ,10.600 ,24.240 
192,진주,2019-08-08,28.400 ,,0.800 ,77.500 ,10.200 ,22.260 
192,진주,2019-08-09,28.400 ,,0.700 ,76.900 ,11.800 ,21.640 
192,진주,2019-08-10,28.100 ,,1.200 ,75.400 ,11.900 ,24.360 
192,진주,2019-08-11,28.000 ,,2.200 ,75.500 ,7.800 ,21.130 
192,진주,2019-08-12,28.200 ,0.200 ,1.400 ,79.500 ,2.400 ,10.540 
192,진주,2019-08-13,28.600 ,2.200 ,0.700 ,81.100 ,8.100 ,20.200 
192,진주,2019-08-14,29.400 ,0.600 ,1.600 ,71.800 ,8.900 ,19.470 
192,진주,2019-08-15,28.300 ,0.300 ,1.700 ,75.600 ,3.500 ,12.730 
192,진주,2019-08-16,27.800 ,,1.900 ,71.400 ,11.100 ,24.180 
192,진주,2019-08-17,26.700 ,,1.100 ,73.800 ,12.100 ,25.640 
192,진주,2019-08-18,27.300 ,,0.900 ,70.300 ,11.200 ,22.750 
192,진주,2019-08-19,25.700 ,,0.700 ,74.600 ,7.100 ,15.600 
192,진주,2019-08-20,26.900 ,0.200 ,1.000 ,72.000 ,5.700 ,13.230 
192,진주,2019-08-21,25.700 ,13.300 ,0.600 ,82.800 ,0.300 ,7.150 
192,진주,2019-08-22,26.700 ,29.800 ,1.000 ,87.000 ,4.800 ,10.600 
192,진주,2019-08-23,24.400 ,0.000 ,0.600 ,82.100 ,5.000 ,12.350 
192,진주,2019-08-24,23.300 ,,0.600 ,74.400 ,8.900 ,19.640 
192,진주,2019-08-25,22.000 ,0.300 ,0.500 ,84.900 ,0.800 ,8.200 
192,진주,2019-08-26,23.900 ,,1.000 ,77.500 ,10.500 ,23.200 
192,진주,2019-08-27,22.600 ,10.700 ,0.500 ,92.800 ,0.000 ,3.770 
192,진주,2019-08-28,23.800 ,0.300 ,0.700 ,88.800 ,1.300 ,8.350 
192,진주,2019-08-29,22.300 ,0.200 ,0.900 ,89.800 ,0.000 ,3.900 
192,진주,2019-08-30,22.700 ,,0.700 ,74.600 ,8.400 ,21.850 
192,진주,2019-08-31,22.400 ,,0.700 ,77.100 ,7.900 ,19.230 
192,진주,2019-09-01,21.400 ,2.300 ,0.500 ,87.800 ,0.200 ,5.550 
192,진주,2019-09-02,20.200 ,24.900 ,0.500 ,94.600 ,0.000 ,2.670 
192,진주,2019-09-03,21.900 ,95.900 ,0.500 ,94.500 ,0.000 ,4.600 
192,진주,2019-09-04,23.600 ,11.500 ,0.400 ,94.600 ,0.000 ,4.330 
192,진주,2019-09-05,25.200 ,7.000 ,0.600 ,88.300 ,5.600 ,13.890 
192,진주,2019-09-06,26.000 ,1.800 ,1.200 ,85.800 ,1.400 ,10.490 
192,진주,2019-09-07,25.600 ,27.000 ,2.800 ,85.100 ,1.700 ,7.090 
192,진주,2019-09-08,25.100 ,0.200 ,0.600 ,85.800 ,3.700 ,13.730 
192,진주,2019-09-09,26.500 ,0.700 ,0.900 ,85.600 ,3.400 ,13.430 
192,진주,2019-09-10,26.200 ,0.200 ,0.800 ,82.000 ,9.300 ,16.290 
192,진주,2019-09-11,25.700 ,1.800 ,1.100 ,83.800 ,6.300 ,16.010 
192,진주,2019-09-12,20.300 ,0.500 ,1.000 ,88.000 ,0.000 ,4.040 
192,진주,2019-09-13,21.800 ,,0.900 ,75.400 ,8.800 ,17.440 
192,진주,2019-09-14,22.400 ,,0.700 ,77.500 ,9.900 ,21.690 
192,진주,2019-09-15,25.000 ,,0.800 ,77.600 ,8.000 ,17.600 
192,진주,2019-09-16,23.500 ,,1.100 ,71.600 ,9.200 ,19.910 
192,진주,2019-09-17,20.800 ,,1.000 ,69.400 ,11.000 ,22.730 
192,진주,2019-09-18,21.100 ,,0.800 ,67.400 ,9.700 ,21.390 
192,진주,2019-09-19,19.400 ,,0.800 ,72.300 ,8.600 ,17.960 
192,진주,2019-09-20,19.200 ,,1.100 ,72.100 ,6.500 ,17.330 
192,진주,2019-09-21,17.700 ,74.500 ,1.000 ,93.500 ,0.000 ,2.180 
192,진주,2019-09-22,17.800 ,99.200 ,2.700 ,88.400 ,0.000 ,1.880 
192,진주,2019-09-23,18.100 ,0.100 ,0.800 ,86.600 ,0.000 ,5.910 
192,진주,2019-09-24,18.300 ,,0.700 ,79.600 ,8.300 ,19.530 
192,진주,2019-09-25,17.700 ,,0.600 ,80.400 ,9.200 ,17.050 
192,진주,2019-09-26,20.500 ,,0.500 ,81.600 ,8.200 ,17.830 
192,진주,2019-09-27,21.700 ,3.400 ,0.600 ,84.600 ,3.900 ,10.510 
192,진주,2019-09-28,22.900 ,1.200 ,0.400 ,91.100 ,1.700 ,9.140 
192,진주,2019-09-29,24.200 ,,0.600 ,86.000 ,7.500 ,16.430 
192,진주,2019-09-30,23.500 ,0.000 ,0.700 ,84.800 ,5.100 ,11.440 
192,진주,2019-10-01,21.500 ,16.500 ,0.500 ,95.600 ,0.000 ,2.390 
192,진주,2019-10-02,21.600 ,139.600 ,1.300 ,94.100 ,0.000 ,0.700 
192,진주,2019-10-03,23.400 ,4.100 ,1.600 ,80.600 ,7.800 ,14.290 
192,진주,2019-10-04,21.400 ,,0.700 ,83.400 ,9.500 ,18.890 
192,진주,2019-10-05,21.700 ,,0.800 ,78.400 ,6.600 ,12.990 
192,진주,2019-10-06,18.300 ,,1.200 ,70.600 ,6.700 ,14.240 
192,진주,2019-10-07,15.900 ,7.400 ,0.600 ,90.100 ,0.000 ,3.510 
192,진주,2019-10-08,17.000 ,,0.900 ,71.600 ,8.600 ,17.060 
192,진주,2019-10-09,12.800 ,,0.600 ,70.000 ,10.600 ,19.990 
192,진주,2019-10-10,15.000 ,,0.500 ,73.000 ,10.500 ,19.120 
192,진주,2019-10-11,18.900 ,,0.900 ,63.600 ,10.600 ,18.590 
192,진주,2019-10-12,19.900 ,,2.000 ,54.100 ,10.500 ,18.130 
192,진주,2019-10-13,16.700 ,,1.400 ,61.400 ,10.500 ,18.230 
192,진주,2019-10-14,15.600 ,,0.600 ,75.400 ,10.100 ,17.360 
192,진주,2019-10-15,14.900 ,,1.000 ,75.600 ,3.000 ,9.070 
192,진주,2019-10-16,13.300 ,,0.600 ,76.400 ,9.100 ,16.890 
192,진주,2019-10-17,13.500 ,,0.700 ,80.800 ,3.600 ,10.020 
192,진주,2019-10-18,14.900 ,9.800 ,0.700 ,87.400 ,0.000 ,1.420 
192,진주,2019-10-19,17.700 ,,0.600 ,80.900 ,7.900 ,16.730 
192,진주,2019-10-20,15.700 ,,0.600 ,80.100 ,10.000 ,16.770 
192,진주,2019-10-21,14.800 ,,0.700 ,78.600 ,10.000 ,16.600 
192,진주,2019-10-22,15.900 ,,0.700 ,80.400 ,9.400 ,14.990 
192,진주,2019-10-23,16.100 ,0.000 ,0.500 ,80.300 ,2.500 ,7.780 
192,진주,2019-10-24,18.000 ,,1.300 ,69.800 ,3.400 ,9.120 
192,진주,2019-10-25,17.500 ,,0.600 ,78.600 ,7.500 ,13.490 
192,진주,2019-10-26,14.300 ,,0.800 ,64.100 ,8.700 ,15.880 
192,진주,2019-10-27,9.800 ,,0.500 ,74.500 ,8.800 ,12.870 
192,진주,2019-10-28,10.700 ,,0.800 ,74.400 ,9.500 ,15.480 
192,진주,2019-10-29,11.900 ,,1.000 ,72.400 ,9.700 ,13.840 
192,진주,2019-10-30,10.400 ,,0.400 ,77.400 ,9.700 ,16.140 
192,진주,2019-10-31,10.800 ,,0.400 ,77.300 ,9.900 ,16.030 
192,진주,2019-11-01,12.600 ,,0.400 ,79.400 ,9.000 ,14.490 
192,진주,2019-11-02,12.800 ,,0.300 ,84.300 ,7.900 ,10.890 
192,진주,2019-11-03,13.600 ,,0.400 ,80.500 ,7.700 ,12.400 
192,진주,2019-11-04,12.600 ,,0.500 ,81.100 ,5.800 ,10.670 
192,진주,2019-11-05,11.800 ,,0.500 ,79.500 ,9.100 ,14.430 
192,진주,2019-11-06,10.600 ,,0.500 ,75.900 ,9.400 ,14.570 
192,진주,2019-11-07,10.900 ,,0.600 ,72.900 ,9.200 ,12.490 
192,진주,2019-11-08,8.400 ,,0.400 ,71.500 ,9.400 ,14.230 
192,진주,2019-11-09,7.900 ,,0.500 ,69.500 ,9.300 ,14.350 
192,진주,2019-11-10,9.300 ,8.100 ,0.600 ,76.600 ,4.300 ,8.570 
192,진주,2019-11-11,12.700 ,0.000 ,1.300 ,68.400 ,8.200 ,12.360 
192,진주,2019-11-12,9.400 ,,0.500 ,77.900 ,9.000 ,12.700 
192,진주,2019-11-13,10.500 ,0.000 ,1.100 ,68.800 ,0.800 ,5.910 
192,진주,2019-11-14,6.100 ,,1.900 ,47.900 ,9.200 ,14.510 
192,진주,2019-11-15,7.600 ,,1.000 ,66.900 ,9.200 ,13.460 
192,진주,2019-11-16,11.100 ,,0.700 ,80.400 ,8.900 ,11.950 
192,진주,2019-11-17,11.600 ,0.500 ,0.200 ,93.400 ,0.000 ,1.580 
192,진주,2019-11-18,11.800 ,12.800 ,1.400 ,64.100 ,0.200 ,4.300 
192,진주,2019-11-19,4.900 ,,1.300 ,63.000 ,7.200 ,11.650 
192,진주,2019-11-20,4.200 ,,0.800 ,55.900 ,9.000 ,13.730 
192,진주,2019-11-21,5.200 ,,0.800 ,57.000 ,8.800 ,13.460 
192,진주,2019-11-22,8.700 ,,0.500 ,71.900 ,8.900 ,12.630 
192,진주,2019-11-23,10.800 ,,0.500 ,80.000 ,8.900 ,12.570 
192,진주,2019-11-24,13.900 ,0.100 ,0.500 ,84.300 ,4.800 ,7.820 
192,진주,2019-11-25,9.800 ,,1.900 ,56.800 ,1.600 ,6.420 
192,진주,2019-11-26,9.700 ,,0.900 ,69.100 ,8.200 ,12.080 
192,진주,2019-11-27,8.200 ,,0.800 ,65.300 ,0.200 ,4.730 
192,진주,2019-11-28,6.500 ,,0.900 ,69.400 ,5.600 ,9.140 
192,진주,2019-11-29,3.900 ,,0.700 ,60.900 ,8.400 ,12.340 
192,진주,2019-11-30,6.100 ,,0.500 ,59.100 ,8.700 ,12.250 
192,진주,2019-12-01,6.800 ,26.700 ,0.700 ,91.500 ,0.000 ,1.200 
192,진주,2019-12-02,5.900 ,,1.700 ,54.600 ,8.300 ,11.450 
192,진주,2019-12-03,2.100 ,,0.700 ,74.900 ,6.800 ,10.360 
192,진주,2019-12-04,2.900 ,,0.700 ,71.000 ,8.600 ,11.730 
192,진주,2019-12-05,2.300 ,,1.500 ,56.500 ,8.500 ,11.130 
192,진주,2019-12-06,-1.900 ,,1.000 ,44.500 ,7.000 ,9.750 
192,진주,2019-12-07,-0.300 ,,0.800 ,60.900 ,8.600 ,12.170 
192,진주,2019-12-08,0.500 ,,0.500 ,73.300 ,7.500 ,11.600 
192,진주,2019-12-09,1.200 ,,0.500 ,71.100 ,8.500 ,11.770 
192,진주,2019-12-10,5.100 ,,0.500 ,79.800 ,7.800 ,9.530 
192,진주,2019-12-11,7.500 ,,1.500 ,67.400 ,6.000 ,8.180 
192,진주,2019-12-12,2.900 ,,0.900 ,45.100 ,8.500 ,12.030 
192,진주,2019-12-13,0.500 ,,0.400 ,63.400 ,7.800 ,8.890 
192,진주,2019-12-14,3.100 ,,0.800 ,59.600 ,8.200 ,10.810 
192,진주,2019-12-15,4.400 ,,0.400 ,69.000 ,7.900 ,10.540 
192,진주,2019-12-16,5.300 ,,0.300 ,80.600 ,6.700 ,9.040 
192,진주,2019-12-17,7.300 ,0.000 ,0.500 ,83.300 ,1.100 ,4.520 
192,진주,2019-12-18,7.200 ,,0.700 ,57.800 ,8.400 ,11.350 
192,진주,2019-12-19,4.400 ,,1.200 ,47.100 ,7.600 ,10.700 
192,진주,2019-12-20,1.900 ,,0.700 ,58.900 ,7.200 ,9.870 
192,진주,2019-12-21,-0.800 ,,0.300 ,71.400 ,0.000 ,4.200 
192,진주,2019-12-22,1.600 ,,0.500 ,72.900 ,2.500 ,5.230 
192,진주,2019-12-23,2.300 ,,0.600 ,73.300 ,6.900 ,9.470 
192,진주,2019-12-24,2.200 ,,0.400 ,70.900 ,7.500 ,10.450 
192,진주,2019-12-25,4.200 ,,0.500 ,61.300 ,8.400 ,10.850 
192,진주,2019-12-26,4.600 ,1.200 ,0.700 ,72.000 ,0.000 ,1.600 
192,진주,2019-12-27,2.200 ,,1.500 ,45.100 ,8.500 ,11.940 
192,진주,2019-12-28,-0.600 ,,0.400 ,65.000 ,8.400 ,12.130 
192,진주,2019-12-29,1.400 ,13.000 ,0.400 ,78.600 ,0.000 ,2.920 
192,진주,2019-12-30,6.000 ,0.600 ,0.400 ,84.100 ,1.800 ,5.600 
192,진주,2019-12-31,-1.100 ,,2.200 ,35.300 ,8.500 ,12.560 
192,진주,2020-01-01,-1.600 ,,0.500 ,56.100 ,8.500 ,11.670 
192,진주,2020-01-02,-0.300 ,,0.300 ,74.000 ,8.500 ,10.780 
192,진주,2020-01-03,0.500 ,,0.400 ,71.900 ,8.500 ,11.080 
192,진주,2020-01-04,0.900 ,,0.600 ,67.400 ,8.000 ,10.670 
192,진주,2020-01-05,1.000 ,,0.400 ,61.600 ,8.400 ,12.390 
192,진주,2020-01-06,3.100 ,13.800 ,0.300 ,85.300 ,0.000 ,1.670 
192,진주,2020-01-07,9.900 ,40.300 ,0.900 ,93.600 ,0.000 ,1.590 
192,진주,2020-01-08,7.400 ,,3.100 ,66.400 ,3.800 ,5.990 
192,진주,2020-01-09,3.100 ,,0.800 ,63.900 ,8.100 ,10.110 
192,진주,2020-01-10,0.700 ,,0.400 ,70.600 ,8.600 ,11.710 
192,진주,2020-01-11,2.900 ,,0.500 ,66.400 ,8.600 ,11.710 
192,진주,2020-01-12,2.400 ,,0.900 ,60.500 ,8.600 ,11.970 
192,진주,2020-01-13,-0.200 ,,0.600 ,68.800 ,8.200 ,12.020 
192,진주,2020-01-14,0.600 ,,0.800 ,58.900 ,4.500 ,7.920 
192,진주,2020-01-15,-0.400 ,,0.700 ,63.900 ,8.700 ,13.110 
192,진주,2020-01-16,0.600 ,,0.600 ,52.800 ,6.800 ,10.530 
192,진주,2020-01-17,1.900 ,,0.400 ,51.100 ,7.700 ,9.760 
192,진주,2020-01-18,1.700 ,,0.600 ,51.600 ,8.100 ,11.880 
192,진주,2020-01-19,1.100 ,,0.600 ,65.900 ,5.300 ,9.380 
192,진주,2020-01-20,0.700 ,,0.700 ,66.900 ,8.700 ,12.120 
192,진주,2020-01-21,0.600 ,,0.700 ,53.000 ,8.900 ,14.670 
192,진주,2020-01-22,3.500 ,20.100 ,0.500 ,76.000 ,0.000 ,1.390 
192,진주,2020-01-23,6.700 ,7.900 ,0.600 ,93.400 ,0.300 ,5.100 
192,진주,2020-01-24,5.800 ,,0.600 ,77.400 ,7.100 ,11.080 
192,진주,2020-01-25,6.000 ,,0.500 ,82.400 ,0.100 ,5.010 
192,진주,2020-01-26,7.300 ,,1.100 ,72.400 ,3.500 ,7.090 
192,진주,2020-01-27,5.900 ,22.800 ,1.700 ,89.600 ,0.000 ,1.180 
192,진주,2020-01-28,8.200 ,0.300 ,1.200 ,70.400 ,0.000 ,5.480 
192,진주,2020-01-29,6.600 ,0.500 ,0.700 ,81.600 ,0.800 ,6.140 
192,진주,2020-01-30,5.200 ,,0.800 ,72.600 ,5.200 ,9.900 
192,진주,2020-01-31,2.300 ,,0.600 ,73.100 ,8.500 ,13.790 
192,진주,2020-02-01,2.000 ,,0.800 ,70.300 ,9.100 ,13.620 
192,진주,2020-02-02,2.300 ,,0.500 ,74.100 ,9.000 ,12.710 
192,진주,2020-02-03,1.600 ,,0.700 ,65.000 ,8.400 ,13.740 
192,진주,2020-02-04,0.300 ,,0.700 ,60.900 ,9.500 ,15.960 
192,진주,2020-02-05,-0.100 ,,2.200 ,35.500 ,9.600 ,16.180 
192,진주,2020-02-06,-1.600 ,,1.100 ,31.500 ,8.600 ,13.910 
192,진주,2020-02-07,2.300 ,,0.700 ,40.900 ,8.500 ,12.610 
192,진주,2020-02-08,2.700 ,,1.600 ,49.300 ,9.600 ,15.320 
192,진주,2020-02-09,0.700 ,,0.700 ,50.400 ,9.700 ,16.220 
192,진주,2020-02-10,2.600 ,,0.700 ,64.500 ,9.400 ,14.070 
192,진주,2020-02-11,5.400 ,,0.600 ,62.900 ,8.900 ,13.130 
192,진주,2020-02-12,8.600 ,20.800 ,0.600 ,93.900 ,0.000 ,2.400 
192,진주,2020-02-13,8.300 ,,0.700 ,85.100 ,7.800 ,14.000 
192,진주,2020-02-14,9.200 ,,0.500 ,73.600 ,9.600 ,15.950 
192,진주,2020-02-15,10.000 ,0.500 ,0.700 ,76.400 ,5.200 ,11.080 
192,진주,2020-02-16,5.000 ,4.000 ,1.800 ,64.000 ,3.900 ,8.610 
192,진주,2020-02-17,-0.300 ,,2.900 ,51.100 ,6.300 ,13.120 
192,진주,2020-02-18,0.400 ,,1.100 ,48.300 ,10.200 ,18.410 
192,진주,2020-02-19,3.100 ,,0.600 ,54.900 ,9.900 ,16.630 
192,진주,2020-02-20,5.400 ,,0.600 ,58.900 ,9.900 ,16.840 
192,진주,2020-02-21,7.000 ,1.300 ,0.800 ,70.400 ,8.800 ,16.190 
192,진주,2020-02-22,8.300 ,0.500 ,2.000 ,52.900 ,10.000 ,17.630 
192,진주,2020-02-23,3.600 ,,0.900 ,59.100 ,10.100 ,19.030 
192,진주,2020-02-24,6.700 ,0.600 ,0.700 ,66.000 ,8.900 ,16.350 
192,진주,2020-02-25,8.100 ,17.100 ,0.800 ,94.500 ,0.000 ,1.120 
192,진주,2020-02-26,9.400 ,,0.900 ,79.100 ,5.500 ,13.150 
192,진주,2020-02-27,7.300 ,,1.100 ,67.600 ,4.300 ,11.470 
192,진주,2020-02-28,5.200 ,1.300 ,0.500 ,84.500 ,0.000 ,2.600 
192,진주,2020-02-29,6.500 ,,0.700 ,83.100 ,2.900 ,9.230 
192,진주,2020-03-01,8.900 ,0.000 ,0.900 ,74.100 ,3.800 ,12.130 
192,진주,2020-03-02,7.700 ,,1.600 ,43.600 ,9.800 ,19.340 
192,진주,2020-03-03,6.900 ,,0.600 ,67.600 ,5.500 ,11.400 
192,진주,2020-03-04,6.200 ,0.000 ,1.800 ,52.000 ,9.100 ,19.100 
192,진주,2020-03-05,3.300 ,,1.200 ,46.800 ,10.700 ,20.440 
192,진주,2020-03-06,4.100 ,,0.800 ,57.500 ,10.800 ,20.580 
192,진주,2020-03-07,4.500 ,3.900 ,0.600 ,86.600 ,0.700 ,6.750 
192,진주,2020-03-08,7.400 ,,0.800 ,75.100 ,10.500 ,20.630 
192,진주,2020-03-09,8.000 ,7.400 ,0.400 ,85.000 ,0.600 ,6.790 
192,진주,2020-03-10,9.000 ,10.300 ,1.000 ,79.300 ,0.000 ,3.700 
192,진주,2020-03-11,4.800 ,,1.500 ,56.600 ,10.700 ,22.380 
192,진주,2020-03-12,6.000 ,,1.000 ,56.800 ,10.800 ,22.040 
192,진주,2020-03-13,9.300 ,,0.800 ,52.600 ,8.600 ,18.230 
192,진주,2020-03-14,7.400 ,,2.200 ,24.100 ,10.900 ,22.910 
192,진주,2020-03-15,6.000 ,0.000 ,2.900 ,46.100 ,8.600 ,17.760 
192,진주,2020-03-16,5.600 ,,1.400 ,42.800 ,10.900 ,22.670 
192,진주,2020-03-17,9.300 ,,1.600 ,54.400 ,10.800 ,20.850 
192,진주,2020-03-18,9.400 ,,0.900 ,58.800 ,10.900 ,22.230 
192,진주,2020-03-19,12.100 ,,2.900 ,50.100 ,10.600 ,20.300 
192,진주,2020-03-20,10.600 ,,1.900 ,36.600 ,11.200 ,22.460 
192,진주,2020-03-21,12.300 ,,1.300 ,62.300 ,10.800 ,20.300 
192,진주,2020-03-22,13.600 ,,1.200 ,75.100 ,9.900 ,18.860 
192,진주,2020-03-23,11.600 ,,1.400 ,46.600 ,11.400 ,22.950 
192,진주,2020-03-24,9.600 ,,0.800 ,56.800 ,11.000 ,22.290 
192,진주,2020-03-25,11.200 ,,0.900 ,58.900 ,11.200 ,22.450 
192,진주,2020-03-26,10.800 ,18.600 ,0.400 ,88.800 ,0.000 ,2.260 
192,진주,2020-03-27,14.600 ,0.900 ,0.700 ,79.600 ,4.100 ,10.680 
192,진주,2020-03-28,8.700 ,,0.800 ,59.300 ,0.000 ,8.740 
192,진주,2020-03-29,9.000 ,,1.200 ,65.800 ,8.900 ,20.930 
192,진주,2020-03-30,11.400 ,,0.900 ,64.300 ,11.200 ,21.670 
192,진주,2020-03-31,11.400 ,,0.700 ,65.900 ,11.300 ,22.410 
192,진주,2020-04-01,13.600 ,0.400 ,1.300 ,46.800 ,6.000 ,15.890 
192,진주,2020-04-02,9.700 ,,0.800 ,44.600 ,10.800 ,22.960 
192,진주,2020-04-03,10.800 ,,0.900 ,47.900 ,11.100 ,23.810 
192,진주,2020-04-04,10.900 ,,1.300 ,42.100 ,11.300 ,24.450 
192,진주,2020-04-05,7.500 ,,0.700 ,43.800 ,11.300 ,25.910 
192,진주,2020-04-06,9.300 ,,0.700 ,51.100 ,10.500 ,24.310 
192,진주,2020-04-07,13.000 ,,0.800 ,51.300 ,11.200 ,22.030 
192,진주,2020-04-08,12.100 ,,1.000 ,37.300 ,11.400 ,24.650 
192,진주,2020-04-09,10.200 ,,0.800 ,42.000 ,11.300 ,23.620 
192,진주,2020-04-10,9.500 ,0.000 ,0.500 ,65.800 ,0.000 ,4.970 
192,진주,2020-04-11,9.200 ,4.200 ,0.500 ,79.300 ,0.400 ,8.970 
192,진주,2020-04-12,9.300 ,4.400 ,1.200 ,73.000 ,5.300 ,10.670 
192,진주,2020-04-13,9.900 ,,1.300 ,49.600 ,10.500 ,22.140 
192,진주,2020-04-14,11.800 ,,,54.800 ,11.800 ,26.200 
192,진주,2020-04-15,11.300 ,,0.500 ,54.900 ,8.700 ,17.990 
192,진주,2020-04-16,11.400 ,,0.800 ,68.100 ,11.700 ,24.690 
192,진주,2020-04-17,10.700 ,28.900 ,0.300 ,90.800 ,0.000 ,2.470 
192,진주,2020-04-18,14.100 ,,0.700 ,70.300 ,11.400 ,26.320 
192,진주,2020-04-19,10.800 ,30.000 ,0.700 ,90.300 ,0.100 ,4.140 
192,진주,2020-04-20,13.600 ,,1.700 ,68.500 ,9.500 ,23.320 
192,진주,2020-04-21,11.400 ,,2.100 ,36.900 ,11.200 ,26.800 
192,진주,2020-04-22,8.100 ,,2.100 ,40.600 ,11.500 ,26.920 
192,진주,2020-04-23,8.100 ,,1.600 ,51.000 ,12.400 ,27.730 
192,진주,2020-04-24,10.400 ,,2.000 ,42.300 ,12.400 ,28.190 
192,진주,2020-04-25,14.400 ,,1.800 ,58.800 ,12.200 ,25.560 
192,진주,2020-04-26,13.700 ,,1.200 ,52.400 ,11.700 ,27.690 
192,진주,2020-04-27,12.700 ,,0.800 ,50.800 ,11.500 ,24.330 
192,진주,2020-04-28,12.400 ,,0.700 ,54.300 ,12.500 ,27.660 
192,진주,2020-04-29,14.600 ,,0.900 ,51.400 ,12.600 ,27.620 
192,진주,2020-04-30,16.000 ,,1.200 ,68.000 ,12.600 ,27.940 
192,진주,2020-05-01,20.700 ,,1.400 ,74.100 ,12.200 ,25.730 
192,진주,2020-05-02,19.200 ,1.300 ,0.800 ,81.500 ,4.400 ,15.220 
192,진주,2020-05-03,16.800 ,29.500 ,0.400 ,94.900 ,0.000 ,4.020 
192,진주,2020-05-04,20.800 ,,0.600 ,81.000 ,10.200 ,24.070 
192,진주,2020-05-05,17.700 ,,0.600 ,81.100 ,0.900 ,7.840 
192,진주,2020-05-06,19.100 ,,1.000 ,63.500 ,12.600 ,27.780 
192,진주,2020-05-07,16.200 ,,1.200 ,53.500 ,12.600 ,28.190 
192,진주,2020-05-08,15.700 ,0.000 ,0.700 ,66.600 ,9.300 ,22.000 
192,진주,2020-05-09,17.000 ,45.900 ,1.000 ,92.600 ,0.000 ,3.290 
192,진주,2020-05-10,18.100 ,,1.100 ,72.100 ,9.300 ,23.370 
192,진주,2020-05-11,19.600 ,,0.600 ,58.800 ,12.600 ,28.760 
192,진주,2020-05-12,19.400 ,,2.300 ,44.300 ,12.700 ,27.360 
192,진주,2020-05-13,17.100 ,,0.900 ,51.800 ,12.700 ,29.290 
192,진주,2020-05-14,17.200 ,,0.600 ,55.300 ,9.400 ,21.610 
192,진주,2020-05-15,15.000 ,17.800 ,0.300 ,91.900 ,0.000 ,2.450 
192,진주,2020-05-16,19.400 ,0.800 ,0.400 ,84.800 ,7.000 ,21.230 
192,진주,2020-05-17,19.300 ,,0.900 ,82.600 ,7.800 ,21.270 
192,진주,2020-05-18,17.800 ,13.600 ,0.600 ,89.000 ,0.000 ,4.860 
192,진주,2020-05-19,14.300 ,0.000 ,1.700 ,75.500 ,6.600 ,17.060 
192,진주,2020-05-20,15.800 ,,0.900 ,72.300 ,7.500 ,24.660 
192,진주,2020-05-21,16.100 ,,0.900 ,75.800 ,5.600 ,17.050 
192,진주,2020-05-22,16.500 ,,0.900 ,72.900 ,11.300 ,24.930 
192,진주,2020-05-23,17.400 ,,1.100 ,72.400 ,13.000 ,28.700 
192,진주,2020-05-24,19.700 ,,1.000 ,80.300 ,5.500 ,18.180 
192,진주,2020-05-25,19.400 ,,0.500 ,74.400 ,4.100 ,17.670 
192,진주,2020-05-26,19.100 ,,0.600 ,78.000 ,6.000 ,17.660 
192,진주,2020-05-27,19.800 ,,0.800 ,63.300 ,12.000 ,28.260 
192,진주,2020-05-28,19.500 ,,0.900 ,66.500 ,13.100 ,28.610 
192,진주,2020-05-29,20.200 ,,0.800 ,65.500 ,12.100 ,27.990 
192,진주,2020-05-30,19.800 ,,0.700 ,61.800 ,4.000 ,17.050 
192,진주,2020-05-31,19.800 ,1.200 ,0.700 ,73.800 ,4.000 ,18.230 
192,진주,2020-06-01,22.100 ,,1.100 ,63.100 ,11.900 ,27.170 
192,진주,2020-06-02,20.200 ,0.000 ,0.900 ,56.600 ,12.700 ,29.940 
192,진주,2020-06-03,21.400 ,,0.900 ,77.300 ,6.100 ,20.510 
192,진주,2020-06-04,24.200 ,,1.000 ,76.600 ,10.200 ,26.910 
192,진주,2020-06-05,24.100 ,,0.900 ,72.300 ,10.400 ,23.120 
192,진주,2020-06-06,22.500 ,2.500 ,0.900 ,77.900 ,5.200 ,18.190 
192,진주,2020-06-07,22.600 ,,0.800 ,71.300 ,10.300 ,25.850 
192,진주,2020-06-08,23.100 ,,0.700 ,63.600 ,13.000 ,28.590 
192,진주,2020-06-09,24.200 ,,0.800 ,67.600 ,13.100 ,29.420 
192,진주,2020-06-10,24.700 ,0.400 ,0.900 ,75.800 ,10.400 ,25.340 
192,진주,2020-06-11,24.800 ,3.200 ,0.800 ,85.900 ,4.800 ,17.840 
192,진주,2020-06-12,24.600 ,11.200 ,0.900 ,87.500 ,5.000 ,18.630 
192,진주,2020-06-13,23.100 ,39.600 ,0.600 ,91.900 ,0.600 ,9.640 
192,진주,2020-06-14,24.400 ,11.600 ,1.200 ,90.900 ,4.100 ,13.210 
192,진주,2020-06-15,23.600 ,,0.800 ,75.100 ,12.000 ,28.370 
192,진주,2020-06-16,23.900 ,,0.800 ,64.900 ,13.200 ,28.860 
192,진주,2020-06-17,21.500 ,0.500 ,0.600 ,77.900 ,4.800 ,16.240 
192,진주,2020-06-18,18.100 ,38.500 ,0.700 ,95.900 ,0.000 ,3.730 
192,진주,2020-06-19,22.300 ,2.200 ,1.100 ,77.100 ,8.300 ,24.970 
192,진주,2020-06-20,22.300 ,,0.600 ,80.400 ,5.800 ,17.620 
192,진주,2020-06-21,22.300 ,,0.900 ,78.800 ,9.900 ,24.860 
192,진주,2020-06-22,22.900 ,,1.200 ,76.400 ,11.700 ,29.150 
192,진주,2020-06-23,23.400 ,,0.800 ,75.100 ,10.700 ,28.160 
192,진주,2020-06-24,22.000 ,26.900 ,0.300 ,92.800 ,0.000 ,5.890 
192,진주,2020-06-25,22.900 ,2.900 ,0.800 ,94.900 ,0.000 ,7.240 
192,진주,2020-06-26,24.400 ,,1.000 ,76.400 ,12.000 ,29.370 
192,진주,2020-06-27,24.200 ,,0.600 ,82.100 ,7.300 ,20.700 
192,진주,2020-06-28,25.800 ,,0.800 ,78.500 ,11.700 ,28.200 
192,진주,2020-06-29,21.800 ,92.600 ,1.000 ,92.300 ,0.000 ,4.960 
192,진주,2020-06-30,22.700 ,2.100 ,2.900 ,77.000 ,8.700 ,26.480 
192,진주,2020-07-01,22.300 ,,0.800 ,77.400 ,6.200 ,18.610 
192,진주,2020-07-02,21.600 ,,0.600 ,81.400 ,5.800 ,15.120 
192,진주,2020-07-03,19.500 ,10.400 ,0.800 ,91.400 ,0.000 ,4.980 
192,진주,2020-07-04,21.100 ,,0.500 ,84.500 ,1.100 ,13.160 
192,진주,2020-07-05,22.200 ,,0.500 ,83.800 ,4.000 ,16.670 
192,진주,2020-07-06,22.000 ,0.000 ,0.300 ,92.800 ,0.000 ,5.140 
192,진주,2020-07-07,24.600 ,,1.000 ,84.900 ,9.600 ,24.760 
192,진주,2020-07-08,24.900 ,,0.900 ,80.300 ,9.400 ,23.960 
192,진주,2020-07-09,22.600 ,2.600 ,1.100 ,90.600 ,0.500 ,9.320 
192,진주,2020-07-10,23.900 ,62.600 ,1.000 ,91.600 ,3.700 ,12.730 
192,진주,2020-07-11,24.700 ,,1.100 ,87.300 ,2.900 ,15.780 
192,진주,2020-07-12,20.900 ,71.000 ,0.900 ,95.100 ,0.000 ,4.070 
192,진주,2020-07-13,19.300 ,121.100 ,0.600 ,98.900 ,0.000 ,3.360 
192,진주,2020-07-14,20.200 ,7.900 ,1.000 ,96.300 ,0.000 ,6.850 
192,진주,2020-07-15,19.500 ,7.500 ,0.500 ,97.800 ,0.000 ,6.360 
192,진주,2020-07-16,22.000 ,,0.800 ,83.100 ,8.900 ,24.370 
192,진주,2020-07-17,22.700 ,,0.900 ,81.900 ,8.900 ,23.650 
192,진주,2020-07-18,22.100 ,,0.700 ,84.800 ,1.700 ,13.390 
192,진주,2020-07-19,23.300 ,6.600 ,0.700 ,94.100 ,0.000 ,5.300 
192,진주,2020-07-20,26.300 ,0.700 ,1.400 ,88.000 ,4.200 ,14.180 
192,진주,2020-07-21,25.200 ,8.300 ,0.700 ,84.400 ,6.000 ,18.140 
192,진주,2020-07-22,23.400 ,36.100 ,0.500 ,95.300 ,0.000 ,5.430 
192,진주,2020-07-23,22.500 ,102.800 ,1.200 ,96.800 ,0.000 ,2.750 
192,진주,2020-07-24,21.100 ,9.300 ,1.200 ,92.500 ,0.000 ,3.210 
192,진주,2020-07-25,21.600 ,5.200 ,0.500 ,95.600 ,0.100 ,6.920 
192,진주,2020-07-26,23.700 ,,0.900 ,81.300 ,10.800 ,26.090 
192,진주,2020-07-27,22.000 ,41.400 ,0.500 ,94.900 ,0.000 ,4.720 
192,진주,2020-07-28,24.400 ,21.900 ,0.700 ,94.900 ,0.700 ,10.020 
192,진주,2020-07-29,24.400 ,23.700 ,0.400 ,95.600 ,0.300 ,6.660 
192,진주,2020-07-30,24.600 ,48.400 ,0.800 ,93.800 ,3.200 ,9.480 
192,진주,2020-07-31,26.200 ,,0.800 ,88.300 ,6.500 ,18.240 
192,진주,2020-08-01,26.600 ,,0.900 ,85.100 ,5.900 ,18.520 
192,진주,2020-08-02,27.400 ,,1.300 ,84.600 ,5.300 ,17.790 
192,진주,2020-08-03,27.200 ,,1.200 ,84.900 ,2.400 ,14.300 
192,진주,2020-08-04,27.400 ,,1.000 ,85.800 ,8.300 ,21.080 
192,진주,2020-08-05,27.100 ,26.600 ,1.100 ,90.400 ,2.300 ,12.960 
192,진주,2020-08-06,26.900 ,11.800 ,1.600 ,89.300 ,0.200 ,5.830 
192,진주,2020-08-07,25.400 ,90.300 ,0.800 ,95.000 ,0.000 ,4.130 
192,진주,2020-08-08,25.300 ,107.500 ,1.100 ,94.400 ,0.000 ,2.830 
192,진주,2020-08-09,27.400 ,1.100 ,1.600 ,84.600 ,9.200 ,21.880 
192,진주,2020-08-10,25.800 ,68.900 ,1.200 ,95.300 ,0.000 ,4.730 
192,진주,2020-08-11,26.500 ,21.900 ,1.200 ,89.800 ,3.000 ,9.370 
192,진주,2020-08-12,27.800 ,1.800 ,1.000 ,88.600 ,3.100 ,12.220 
192,진주,2020-08-13,28.000 ,,1.200 ,84.500 ,8.300 ,20.700 
192,진주,2020-08-14,28.700 ,,1.500 ,82.500 ,12.100 ,22.830 
192,진주,2020-08-15,29.200 ,,1.300 ,79.400 ,12.500 ,25.500 
192,진주,2020-08-16,28.400 ,,1.000 ,81.500 ,11.300 ,25.360 
192,진주,2020-08-17,28.300 ,,0.800 ,81.300 ,10.100 ,25.080 
192,진주,2020-08-18,28.500 ,,0.900 ,79.500 ,12.200 ,25.530 
192,진주,2020-08-19,28.300 ,,0.700 ,78.500 ,12.300 ,25.980 
192,진주,2020-08-20,28.400 ,,0.800 ,77.400 ,12.300 ,25.890 
192,진주,2020-08-21,27.500 ,,0.900 ,80.800 ,8.200 ,21.780 
192,진주,2020-08-22,26.700 ,,0.800 ,79.100 ,4.100 ,14.200 
192,진주,2020-08-23,26.600 ,,0.800 ,79.500 ,8.400 ,19.550 
192,진주,2020-08-24,27.100 ,,0.800 ,79.100 ,11.500 ,23.420 
192,진주,2020-08-25,28.000 ,0.000 ,1.000 ,77.800 ,10.500 ,20.380 
192,진주,2020-08-26,27.400 ,8.300 ,2.100 ,85.000 ,4.900 ,12.400 
192,진주,2020-08-27,27.300 ,14.600 ,1.400 ,88.800 ,3.300 ,13.480 
192,진주,2020-08-28,26.700 ,0.800 ,0.500 ,90.100 ,4.100 ,10.590 
192,진주,2020-08-29,27.200 ,0.900 ,0.800 ,86.900 ,8.500 ,20.030 
192,진주,2020-08-30,27.800 ,0.000 ,0.900 ,83.800 ,8.600 ,22.610 
192,진주,2020-08-31,26.600 ,2.200 ,1.100 ,81.900 ,2.200 ,10.340 
192,진주,2020-09-01,26.000 ,0.000 ,0.800 ,79.600 ,4.100 ,13.670 
192,진주,2020-09-02,25.200 ,49.900 ,1.400 ,91.000 ,0.000 ,3.750 
192,진주,2020-09-03,25.800 ,50.500 ,3.900 ,66.600 ,10.500 ,22.830 
192,진주,2020-09-04,22.600 ,,0.900 ,81.300 ,9.800 ,21.670 
192,진주,2020-09-05,19.900 ,7.300 ,0.600 ,92.900 ,0.000 ,3.470 
192,진주,2020-09-06,20.300 ,7.900 ,1.600 ,89.100 ,0.000 ,4.260 
192,진주,2020-09-07,22.200 ,49.900 ,3.300 ,81.100 ,1.800 ,9.550 
192,진주,2020-09-08,24.300 ,0.500 ,1.800 ,79.900 ,8.500 ,17.250 
192,진주,2020-09-09,22.500 ,10.800 ,0.900 ,85.600 ,6.800 ,15.360 
192,진주,2020-09-10,22.900 ,10.500 ,0.600 ,82.900 ,7.900 ,18.580 
192,진주,2020-09-11,21.800 ,3.300 ,0.800 ,88.500 ,0.600 ,6.820 
192,진주,2020-09-12,21.200 ,2.400 ,1.300 ,82.400 ,1.600 ,9.950 
192,진주,2020-09-13,20.500 ,0.400 ,0.500 ,86.800 ,1.000 ,9.860 
192,진주,2020-09-14,22.100 ,,0.600 ,83.000 ,6.800 ,18.360 
192,진주,2020-09-15,22.800 ,,0.600 ,80.000 ,9.800 ,18.780 
192,진주,2020-09-16,21.400 ,1.800 ,0.400 ,91.600 ,0.100 ,5.860 
192,진주,2020-09-17,20.600 ,3.700 ,0.300 ,92.600 ,0.100 ,5.420 
192,진주,2020-09-18,18.900 ,1.100 ,0.600 ,87.600 ,1.700 ,9.290 
192,진주,2020-09-19,18.600 ,,1.000 ,74.500 ,10.100 ,18.840 
192,진주,2020-09-20,18.200 ,,0.900 ,71.800 ,10.700 ,22.090 
192,진주,2020-09-21,17.500 ,,0.800 ,71.100 ,10.500 ,19.860 
192,진주,2020-09-22,17.600 ,,1.000 ,75.600 ,4.400 ,12.480 
192,진주,2020-09-23,19.100 ,,1.100 ,70.500 ,1.200 ,9.660 
192,진주,2020-09-24,20.200 ,0.000 ,1.400 ,70.800 ,4.500 ,13.410 
192,진주,2020-09-25,19.900 ,,0.900 ,74.600 ,7.100 ,14.860 
192,진주,2020-09-26,18.900 ,,0.800 ,73.800 ,8.500 ,18.240 
192,진주,2020-09-27,18.400 ,,0.900 ,75.500 ,8.700 ,16.650 
192,진주,2020-09-28,17.000 ,,0.700 ,76.000 ,10.600 ,20.530 
192,진주,2020-09-29,17.000 ,,0.600 ,78.100 ,10.100 ,18.670 
192,진주,2020-09-30,18.900 ,,0.800 ,72.800 ,9.300 ,17.610 
192,진주,2020-10-01,19.300 ,,0.800 ,75.400 ,9.700 ,19.110 
192,진주,2020-10-02,19.500 ,,0.800 ,82.100 ,8.500 ,17.490 
192,진주,2020-10-03,20.600 ,0.000 ,0.700 ,77.400 ,5.700 ,14.620 
192,진주,2020-10-04,19.500 ,0.200 ,0.600 ,82.800 ,1.800 ,9.270 
192,진주,2020-10-05,15.900 ,,1.800 ,52.100 ,10.500 ,20.460 
192,진주,2020-10-06,15.100 ,,0.800 ,62.100 ,10.500 ,20.290 
192,진주,2020-10-07,17.400 ,,1.200 ,60.500 ,10.100 ,19.190 
192,진주,2020-10-08,18.200 ,,2.400 ,57.000 ,9.800 ,18.160 
192,진주,2020-10-09,18.800 ,,2.200 ,53.100 ,9.600 ,17.700 
192,진주,2020-10-10,18.300 ,,1.200 ,64.400 ,4.300 ,12.280 
192,진주,2020-10-11,16.200 ,,0.800 ,72.800 ,8.400 ,16.570 
192,진주,2020-10-12,17.200 ,,0.800 ,73.000 ,9.200 ,17.230 
192,진주,2020-10-13,14.200 ,,0.800 ,63.100 ,7.700 ,15.670 
192,진주,2020-10-14,13.400 ,,0.700 ,63.500 ,5.600 ,11.970 
192,진주,2020-10-15,14.000 ,,1.000 ,50.100 ,9.600 ,17.720 
192,진주,2020-10-16,12.100 ,0.000 ,0.400 ,73.600 ,0.400 ,5.270 
192,진주,2020-10-17,14.200 ,,0.600 ,71.300 ,9.300 ,16.840 
192,진주,2020-10-18,13.600 ,,0.500 ,72.000 ,9.900 ,16.100 
192,진주,2020-10-19,12.800 ,,0.600 ,69.400 ,9.700 ,16.090 
192,진주,2020-10-20,12.800 ,,0.600 ,68.900 ,10.000 ,17.190 
192,진주,2020-10-21,13.400 ,27.600 ,0.400 ,85.000 ,1.000 ,5.230 
192,진주,2020-10-22,14.800 ,0.800 ,0.600 ,77.600 ,1.300 ,7.440 
192,진주,2020-10-23,11.100 ,,1.400 ,53.100 ,10.000 ,17.770 
192,진주,2020-10-24,9.400 ,,0.800 ,63.500 ,10.000 ,17.180 
192,진주,2020-10-25,10.800 ,,0.600 ,74.000 ,9.100 ,16.100 
192,진주,2020-10-26,11.400 ,,0.500 ,74.000 ,9.300 ,15.810 
192,진주,2020-10-27,11.700 ,,0.400 ,73.800 ,9.700 ,14.500 
192,진주,2020-10-28,12.700 ,0.000 ,0.400 ,80.900 ,4.200 ,7.970 
192,진주,2020-10-29,10.500 ,,0.600 ,65.000 ,9.900 ,15.630 
192,진주,2020-10-30,10.700 ,,0.500 ,69.100 ,9.900 ,15.150 
192,진주,2020-10-31,9.900 ,,0.400 ,75.400 ,9.000 ,13.880 
192,진주,2020-11-01,11.700 ,0.400 ,0.400 ,82.900 ,0.100 ,3.590 
192,진주,2020-11-02,11.800 ,1.900 ,0.500 ,79.600 ,5.300 ,9.820 
192,진주,2020-11-03,7.300 ,,2.000 ,57.000 ,9.500 ,15.300 
192,진주,2020-11-04,5.300 ,,0.600 ,64.600 ,9.500 ,15.740 
192,진주,2020-11-05,7.500 ,,0.400 ,63.500 ,8.000 ,12.280 
192,진주,2020-11-06,11.000 ,0.000 ,0.400 ,74.400 ,0.100 ,4.160 
192,진주,2020-11-07,12.800 ,,0.400 ,77.900 ,5.900 ,11.360 
192,진주,2020-11-08,10.200 ,,1.300 ,51.000 ,9.300 ,13.900 
192,진주,2020-11-09,8.000 ,,1.700 ,42.900 ,9.300 ,14.910 
192,진주,2020-11-10,7.800 ,,0.700 ,56.800 ,9.400 ,14.220 
192,진주,2020-11-11,6.400 ,,0.600 ,63.800 ,9.300 ,13.920 
192,진주,2020-11-12,7.500 ,,0.500 ,72.500 ,9.200 ,13.810 
192,진주,2020-11-13,8.400 ,,0.400 ,74.400 ,9.200 ,12.800 
192,진주,2020-11-14,9.800 ,,0.400 ,82.300 ,8.100 ,10.660 
192,진주,2020-11-15,10.300 ,,0.400 ,79.600 ,9.000 ,12.900 
192,진주,2020-11-16,11.300 ,,0.500 ,73.400 ,8.400 ,12.390 
