data,C,mm,ms,Humidity,hr,mj,result
2017-01-01,1.6,0.0,0.4,71.9,7.9,7.07,1181
2017-01-02,4.4,0.0,0.5,72.8,6.9,6.47,1067
2017-01-03,2.5,0.0,0.4,68.4,6.6,6.96,1193
2017-01-04,1.8,0.0,0.2,71.9,6.4,5.65,869
2017-01-05,4.5,0.0,0.9,68.1,2.0,3.85,577
2017-01-06,5.7,0.0,1.2,60.5,7.6,7.32,1197
2017-01-07,3.8,0.0,0.4,69.9,2.3,4.25,608
2017-01-08,6.9,2.9,0.7,76.4,3.3,5.04,794
2017-01-09,4.7,0.0,1.7,57.4,7.5,7.03,1094
2017-01-10,0.8,0.0,1.1,55.8,8.7,8.37,1321
2017-01-11,-0.1,0.0,1.4,33.0,8.6,7.67,1232
2017-01-12,0.8,0.0,1.4,55.3,6.9,7.57,792
2017-01-13,-0.2,0.0,2.0,44.9,7.3,6.54,848
2017-01-14,-2.8,0.0,3.0,34.3,8.8,8.76,1442
2017-01-15,-2.8,0.0,1.4,32.4,8.9,8.85,1398
2017-01-16,-2.4,0.0,0.9,39.8,8.8,8.71,1391
2017-01-17,-1.8,0.0,0.4,50.0,4.5,5.53,765
2017-01-18,1.2,0.0,0.9,49.4,6.6,6.57,914
2017-01-19,-0.5,0.0,0.4,59.1,7.6,6.61,1026
2017-01-20,-0.6,0.0,2.5,50.1,7.1,6.31,1056
2017-01-21,-1.9,0.0,1.2,55.1,7.9,7.13,980
2017-01-22,-0.7,0.0,2.5,42.4,8.8,8.93,1444
2017-01-23,-3.5,0.0,1.8,39.8,9.0,9.12,1473
2017-01-24,-3.4,0.0,1.2,44.1,9.2,9.66,1474
2017-01-25,-3.1,0.0,0.5,49.0,9.2,9.7,1409
2017-01-26,-0.2,0.0,0.8,45.8,9.0,9.49,1347
2017-01-27,4.7,0.0,1.9,33.6,6.6,8.51,1400
2017-01-28,1.9,0.0,0.7,45.1,8.8,9.22,1344
2017-01-29,3.6,4.6,0.6,80.9,0.1,1.1,176
2017-01-30,1.5,0.6,2.7,47.9,8.9,9.47,1499
2017-01-31,-1.1,0.0,0.6,50.9,9.4,9.43,1431
2017-02-01,0.9,0.0,1.8,34.6,7.6,8.89,1458
2017-02-02,0.6,0.0,1.1,37.9,9.5,10.77,1553
2017-02-03,1.1,0.0,0.6,48.8,8.4,8.27,1184
2017-02-04,5.7,1.7,0.7,49.1,3.5,6.29,846
2017-02-05,6.3,2.7,1.5,67.3,4.6,7.16,637
2017-02-06,2.1,0.0,1.9,40.9,9.6,10.33,1544
2017-02-07,1.2,0.0,0.6,49.8,5.1,7.56,1148
2017-02-08,2.9,0.0,0.9,45.5,0.6,4.79,720
2017-02-09,0.1,0.0,3.0,31.5,8.6,10.65,1647
2017-02-10,-2.4,0.0,2.6,35.9,9.9,10.83,1639
2017-02-11,-1.0,0.0,2.1,37.4,9.9,11.04,1661
2017-02-12,-0.6,0.0,0.8,48.9,10.0,11.75,1624
2017-02-13,1.8,0.0,0.7,50.0,9.4,9.85,1325
2017-02-14,2.2,0.0,0.9,49.5,10.1,11.36,1557
2017-02-15,2.2,0.0,0.5,49.6,10.0,10.84,1492
2017-02-16,6.7,2.5,1.0,66.6,8.9,9.92,1251
2017-02-17,10.2,0.4,2.2,44.1,8.6,9.67,1457
2017-02-18,2.9,0.0,1.6,19.6,10.0,11.85,1693
2017-02-19,3.7,0.0,0.9,50.6,8.5,9.93,1455
2017-02-20,7.4,0.4,2.7,45.3,6.9,9.13,1493
2017-02-21,1.6,0.0,0.6,48.3,9.8,11.6,1606
2017-02-22,3.4,30.1,0.4,84.5,0.1,0.85,187
2017-02-23,4.1,0.0,2.6,42.6,7.1,9.99,1299
2017-02-24,2.5,0.0,2.2,31.1,10.5,12.72,1843
2017-02-25,2.3,0.0,0.8,49.6,10.4,12.14,1651
2017-02-26,3.0,0.0,0.7,54.5,9.9,9.78,1357
2017-02-27,5.1,0.0,0.8,60.1,8.8,11.29,1553
2017-02-28,5.1,0.0,0.8,55.9,10.4,12.04,1659
2017-03-01,6.5,0.6,1.0,61.3,7.5,10.01,1380
2017-03-02,4.5,1.3,2.5,50.6,10.4,12.53,1790
2017-03-03,4.0,0.0,0.9,48.6,10.5,13.2,1731
2017-03-04,5.6,0.0,0.9,57.8,9.8,12.1,1706
2017-03-05,6.3,0.0,0.7,59.4,5.7,8.68,1319
2017-03-06,4.7,0.0,2.5,32.6,10.2,13.65,1866
2017-03-07,1.2,0.0,2.0,35.4,9.9,13.58,1875
2017-03-08,1.0,0.0,1.7,47.5,10.4,13.52,1841
2017-03-09,5.1,0.0,2.4,37.5,10.7,13.5,1764
2017-03-10,5.6,0.0,1.0,42.0,10.7,13.91,1804
2017-03-11,6.3,0.0,0.9,41.9,10.6,13.27,1678
2017-03-12,8.3,0.0,0.9,49.3,9.0,12.61,1507
2017-03-13,9.3,0.0,1.2,47.8,8.4,11.42,1409
2017-03-14,8.4,0.0,1.8,43.4,10.5,13.81,1815
2017-03-15,5.5,0.0,1.1,43.0,10.9,14.17,1797
2017-03-16,6.5,0.0,1.0,56.0,6.7,10.01,1483
2017-03-17,6.5,0.0,1.0,49.5,10.9,13.93,1728
2017-03-18,7.1,0.0,0.7,51.3,5.6,8.84,1268
2017-03-19,8.5,0.0,1.0,53.8,10.3,13.51,1695
2017-03-20,7.1,7.9,0.8,75.4,0.0,3.35,510
2017-03-21,9.2,2.3,1.6,54.4,10.6,14.01,1761
2017-03-22,6.9,0.0,0.8,55.4,4.8,10.4,1409
2017-03-23,9.3,0.0,0.8,49.4,4.6,9.1,1280
2017-03-24,8.1,0.0,1.0,61.3,0.7,6.4,870
2017-03-25,6.3,10.9,1.0,85.1,0.1,2.66,570
2017-03-26,6.5,0.7,1.1,78.4,4.0,9.07,1097
2017-03-27,5.6,0.0,1.2,60.8,8.0,10.99,1363
2017-03-28,7.4,0.6,1.1,55.6,9.5,13.21,1654
2017-03-29,7.0,4.5,0.8,86.6,0.2,1.88,314
2017-03-30,10.6,0.0,1.2,62.4,8.7,14.47,1819
2017-03-31,9.9,2.6,1.1,69.9,1.8,6.82,778
2017-04-01,7.7,0.6,1.1,78.9,2.9,8.04,1103
2017-04-02,8.4,0.0,1.4,58.8,9.6,14.24,1628
2017-04-03,11.0,0.0,1.1,45.9,11.6,16.26,1977
2017-04-04,12.6,0.0,1.1,43.5,10.3,14.77,1781
2017-04-05,13.4,48.5,1.3,77.4,0.4,2.39,256
2017-04-06,15.6,15.7,1.5,86.4,0.2,2.73,222
2017-04-07,15.0,0.0,1.2,69.5,8.5,14.38,1638
2017-04-08,16.3,0.0,0.9,62.6,10.3,15.46,1824
2017-04-09,14.9,0.0,1.7,56.4,4.0,8.77,1211
2017-04-10,13.5,0.1,2.2,45.3,7.9,14.27,1810
2017-04-11,13.2,11.5,1.7,59.0,6.7,11.61,1587
2017-04-12,14.0,0.0,2.4,23.0,9.8,14.98,1863
2017-04-13,13.7,0.0,1.6,42.5,11.7,15.21,1768
2017-04-14,15.2,0.0,2.1,49.0,9.0,12.73,1908
2017-04-15,18.0,0.0,1.9,59.8,10.7,15.35,1888
2017-04-16,16.8,0.0,1.0,62.0,9.8,15.89,1794
2017-04-17,14.2,16.5,0.8,88.6,0.1,1.16,189
2017-04-18,14.7,0.0,1.9,60.4,9.0,14.52,1865
2017-04-19,14.6,0.0,1.8,36.1,12.2,17.27,2121
2017-04-20,13.0,0.2,1.0,52.6,2.3,7.21,987
2017-04-21,14.3,0.0,1.0,56.1,8.1,14.93,1804
2017-04-22,12.5,0.0,0.9,68.0,8.8,13.48,1550
2017-04-23,14.1,0.0,1.3,63.4,10.8,16.83,2036
2017-04-24,14.6,0.0,1.2,59.9,9.6,16.85,2158
2017-04-25,17.3,0.1,1.3,68.1,4.8,10.61,1357
2017-04-26,14.7,1.7,0.9,71.6,3.7,8.05,1025
2017-04-27,14.7,0.0,2.0,29.5,9.5,15.71,1876
2017-04-28,15.4,0.0,2.0,38.8,12.1,17.2,2043
2017-04-29,17.6,0.0,1.5,41.0,12.3,17.27,2079
2017-04-30,19.6,0.0,1.5,45.6,11.5,15.76,1964
2017-05-01,17.1,0.0,1.4,52.6,11.7,16.11,1636
2017-05-02,15.7,0.0,0.9,49.6,9.2,15.19,1816
2017-05-03,16.6,0.0,1.0,54.3,12.5,17.78,2082
2017-05-04,17.9,0.6,1.1,61.0,10.2,14.53,1656
2017-05-05,17.5,4.0,0.6,88.3,0.2,3.97,504
2017-05-06,17.6,0.0,1.2,41.9,7.0,14.46,1898
2017-05-07,17.6,0.0,1.7,40.6,12.3,17.37,2103
2017-05-08,17.7,0.0,1.0,50.3,5.3,10.81,1394
2017-05-09,13.6,25.3,1.0,88.0,0.1,1.63,293
2017-05-10,16.6,0.1,1.1,74.8,5.3,10.04,821
2017-05-11,19.9,0.0,1.3,61.6,9.1,15.39,1840
2017-05-12,17.0,9.1,0.8,85.4,0.0,2.19,349
2017-05-13,18.2,0.0,1.3,68.8,10.2,16.87,1952
2017-05-14,17.2,0.0,1.4,42.9,12.9,18.79,2238
2017-05-15,16.0,0.0,1.1,49.0,11.4,16.56,2102
2017-05-16,16.5,0.0,1.0,60.6,8.6,14.65,1589
2017-05-17,17.1,0.0,0.9,60.5,10.8,16.44,1928
2017-05-18,18.8,0.0,0.9,58.0,12.4,18.32,2165
2017-05-19,20.3,0.0,1.0,53.8,13.0,18.69,2200
2017-05-20,19.6,0.0,1.1,52.6,10.6,15.96,1897
2017-05-21,19.3,0.0,1.0,59.8,9.0,14.56,1919
2017-05-22,19.6,0.0,1.2,56.6,13.0,18.65,2212
2017-05-23,18.9,0.0,1.0,67.6,6.3,12.91,1593
2017-05-24,20.2,3.9,1.1,73.9,5.0,11.04,1466
2017-05-25,21.5,0.0,1.9,51.9,11.0,18.44,2110
2017-05-26,17.4,0.0,1.6,43.8,13.3,19.78,2382
2017-05-27,17.5,0.0,1.3,54.1,13.3,19.24,2308
2017-05-28,18.7,0.0,1.2,58.0,12.4,17.27,2087
2017-05-29,23.5,0.0,1.0,51.6,12.2,17.94,2103
2017-05-30,23.4,0.0,0.8,51.6,8.2,14.0,1681
2017-05-31,21.3,0.8,1.4,69.3,7.4,13.78,1694
2017-06-01,23.4,0.0,1.6,58.1,8.8,14.48,1820
2017-06-02,20.0,0.0,1.8,49.3,13.2,19.1,2259
2017-06-03,21.1,0.0,1.5,47.0,11.7,18.43,2228
2017-06-04,19.8,0.0,1.2,46.8,13.1,19.76,2246
2017-06-05,19.5,0.0,1.3,50.5,9.7,15.99,2022
2017-06-06,17.2,10.7,0.9,68.6,0.1,5.38,784
2017-06-07,19.6,12.6,1.8,72.3,2.9,9.7,1132
2017-06-08,21.3,0.0,1.2,54.6,13.2,19.79,2360
2017-06-09,22.6,0.0,1.4,49.6,11.8,18.29,2144
2017-06-10,22.0,0.0,1.4,63.8,5.8,13.01,1693
2017-06-11,20.6,2.3,1.5,59.0,7.2,14.87,1858
2017-06-12,19.0,0.0,1.4,56.5,7.7,13.86,1701
2017-06-13,18.8,0.3,1.2,65.8,6.5,13.32,1782
2017-06-14,20.9,0.0,1.4,61.1,12.9,19.61,2240
2017-06-15,23.3,0.0,1.2,48.8,12.9,18.62,2169
2017-06-16,21.8,0.0,1.2,57.6,12.5,17.35,2053
2017-06-17,22.0,0.0,1.3,54.4,12.2,17.49,2091
2017-06-18,22.6,0.0,1.2,58.0,12.5,18.04,2128
2017-06-19,24.1,0.0,1.4,54.5,12.2,17.52,2043
2017-06-20,21.2,10.3,1.0,73.3,0.2,5.31,763
2017-06-21,22.5,0.0,1.3,66.6,7.5,14.33,1869
2017-06-22,23.5,0.0,1.3,62.9,10.9,17.31,2002
2017-06-23,23.8,0.0,1.1,62.9,6.7,11.22,1983
2017-06-24,23.1,0.0,1.2,64.3,5.9,16.62,1694
2017-06-25,23.3,0.5,1.3,71.5,5.3,13.57,1405
2017-06-26,21.7,10.5,0.9,84.5,0.0,4.13,721
2017-06-27,22.8,0.0,1.0,70.1,1.2,11.07,1165
2017-06-28,23.4,0.0,1.1,66.6,9.1,18.9,1793
2017-06-29,22.0,4.8,0.8,78.8,0.3,7.27,781
2017-06-30,24.1,0.0,1.1,75.9,2.6,11.97,1203
2017-07-01,25.9,0.0,1.8,74.0,3.2,13.3,1377
2017-07-02,26.0,1.4,1.5,79.3,0.6,8.01,1072
2017-07-03,26.6,0.3,1.6,72.6,2.1,9.47,1383
2017-07-04,26.1,1.9,1.2,80.5,3.9,13.38,1337
2017-07-05,25.8,17.6,1.2,81.8,6.2,15.67,1371
2017-07-06,24.8,5.2,1.0,89.6,0.1,6.28,580
2017-07-07,25.2,0.3,0.9,90.4,0.6,7.86,791
2017-07-08,25.5,7.1,1.0,91.9,0.9,6.4,622
2017-07-09,26.8,0.0,1.2,84.3,7.2,16.33,1654
2017-07-10,26.9,0.0,1.9,85.8,0.6,7.36,855
2017-07-11,26.1,0.0,1.7,78.5,0.9,10.18,1029
2017-07-12,27.4,0.0,1.2,75.6,11.2,20.71,2055
2017-07-13,26.8,0.0,1.1,78.3,10.4,20.76,2026
2017-07-14,26.7,0.0,1.2,81.9,3.8,13.16,1375
2017-07-15,27.0,0.0,1.2,80.0,0.3,8.22,937
2017-07-16,28.8,0.0,1.8,73.6,8.9,17.84,1947
2017-07-17,26.6,4.8,1.2,83.1,2.0,9.87,1192
2017-07-18,26.7,1.9,0.9,83.6,2.5,11.38,984
2017-07-19,27.8,0.0,1.0,73.5,9.0,17.14,1865
2017-07-20,28.5,0.0,1.1,78.1,9.2,18.17,1501
2017-07-21,30.2,0.0,1.4,73.5,10.5,17.83,1753
2017-07-22,30.0,0.0,1.3,72.9,10.3,18.33,1813
2017-07-23,29.0,0.0,1.2,78.5,0.1,9.81,994
2017-07-24,29.7,0.1,0.9,79.4,5.4,13.11,1309
2017-07-25,27.3,17.2,0.9,87.4,1.9,8.24,899
2017-07-26,26.1,0.0,1.3,69.9,7.4,16.07,1579
2017-07-27,25.7,0.0,1.2,64.1,12.8,22.1,2134
2017-07-28,27.2,0.0,1.0,68.0,10.2,19.08,1956
2017-07-29,25.9,0.0,1.0,80.9,0.0,5.4,660
2017-07-30,26.8,0.0,1.2,78.6,4.4,13.87,1275
2017-07-31,26.2,38.2,0.8,87.0,0.2,7.89,917
2017-08-01,27.3,0.0,1.2,81.5,7.8,17.69,1617
2017-08-02,26.9,0.0,1.1,81.5,4.3,12.59,1106
2017-08-03,27.5,0.0,1.4,71.8,12.2,19.76,1711
2017-08-04,28.9,0.0,1.2,71.0,11.1,17.7,1854
2017-08-05,29.6,0.0,1.4,68.9,12.0,19.93,1767
2017-08-06,30.9,0.0,1.2,62.5,12.2,19.54,1845
2017-08-07,30.5,0.0,1.4,60.3,12.3,19.07,1942
2017-08-08,28.0,0.0,1.0,70.5,4.1,11.46,1280
2017-08-09,26.7,0.2,0.8,87.0,0.6,6.08,604
2017-08-10,28.8,0.0,1.4,72.4,7.4,18.29,1475
2017-08-11,26.6,28.8,1.2,78.8,6.1,14.11,1390
2017-08-12,25.8,0.0,1.1,76.3,6.9,14.35,1467
2017-08-13,24.1,1.6,1.0,76.1,0.1,7.19,873
2017-08-14,22.0,48.5,0.7,96.6,0.0,1.52,248
2017-08-15,22.8,5.7,0.5,95.4,0.0,2.41,360
2017-08-16,26.3,0.8,0.7,85.5,5.4,12.54,1264
2017-08-17,26.8,0.8,0.8,80.0,6.7,16.75,1355
2017-08-18,26.6,0.0,1.1,77.4,8.2,16.91,1555
2017-08-19,25.7,12.8,0.9,85.3,1.3,8.28,931
2017-08-20,24.8,26.2,0.9,91.3,1.3,6.92,821
2017-08-21,25.3,20.2,1.1,90.8,3.4,10.14,1097
2017-08-22,26.1,8.1,1.0,88.8,4.9,10.85,1299
2017-08-23,28.3,11.6,1.3,77.3,9.9,17.17,1699
2017-08-24,29.4,0.3,2.2,68.3,9.6,14.35,1297
2017-08-25,27.6,0.8,1.1,66.9,6.2,12.61,1334
2017-08-26,23.6,0.0,0.9,54.5,12.1,20.67,1986
2017-08-27,22.9,0.0,0.8,61.8,12.1,19.79,1902
2017-08-28,24.9,0.0,1.0,71.0,8.6,15.43,1633
2017-08-29,26.9,0.0,1.5,55.6,9.8,17.77,1706
2017-08-30,22.3,0.0,1.6,45.8,4.4,12.9,1391
2017-08-31,21.9,0.0,1.1,59.8,9.9,17.46,1773
2017-09-01,22.7,0.0,1.5,50.8,10.5,19.18,1799
2017-09-02,20.2,0.0,1.0,63.0,6.1,13.1,1313
2017-09-03,21.5,0.0,1.1,61.0,11.0,18.86,1796
2017-09-04,21.8,0.0,0.9,69.5,4.3,11.13,1182
2017-09-05,21.5,0.7,0.9,76.3,0.1,4.82,564
2017-09-06,20.8,32.3,0.6,86.4,0.0,3.49,416
2017-09-07,20.6,1.0,0.5,81.0,3.7,8.51,882
2017-09-08,22.3,0.0,0.5,73.8,9.6,18.46,1603
2017-09-09,22.2,0.0,0.7,70.8,8.8,14.67,1408
2017-09-10,22.6,0.0,0.9,68.8,6.4,14.31,1365
2017-09-11,20.9,74.4,0.8,87.5,0.0,3.28,357
2017-09-12,22.9,0.0,0.8,70.5,11.2,18.19,1721
2017-09-13,20.6,0.0,0.9,62.9,11.3,18.76,1820
2017-09-14,20.3,0.0,1.2,65.5,10.4,17.89,1585
2017-09-15,20.0,0.0,1.5,58.8,2.2,10.38,1154
2017-09-16,21.5,0.0,2.1,56.8,1.0,8.18,887
2017-09-17,22.2,0.0,2.4,65.9,1.1,6.59,726
2017-09-18,20.8,0.0,0.7,71.0,9.5,15.38,1573
2017-09-19,21.7,0.0,1.0,70.6,7.7,12.18,1265
2017-09-20,20.6,0.0,0.9,65.4,3.0,8.5,956
2017-09-21,18.2,0.0,0.7,70.0,9.9,14.77,1496
2017-09-22,19.3,0.0,0.7,70.0,9.0,15.61,1606
2017-09-23,19.6,0.0,0.7,69.3,7.5,12.49,1211
2017-09-24,20.5,0.0,0.8,69.8,9.3,14.62,1351
2017-09-25,21.7,0.0,0.8,72.5,9.4,14.78,1468
2017-09-26,22.1,0.0,1.0,65.0,10.6,15.36,1507
2017-09-27,19.2,8.2,1.4,81.5,0.0,3.36,320
2017-09-28,20.1,0.0,1.1,63.0,8.6,15.01,1362
2017-09-29,15.8,0.0,0.8,58.3,10.2,16.12,1585
2017-09-30,15.7,0.0,0.7,59.3,10.6,16.83,1657
2017-10-01,14.9,25.3,0.7,81.1,0.1,3.37,432
2017-10-02,21.1,37.4,0.8,79.8,1.2,7.08,773
2017-10-03,20.7,10.8,1.0,75.6,7.6,12.85,1270
2017-10-04,18.6,0.0,1.4,67.0,5.9,12.31,921
2017-10-05,16.9,2.9,1.1,68.6,0.4,5.94,683
2017-10-06,16.2,7.8,0.6,87.3,0.0,3.13,336
2017-10-07,18.8,0.0,0.7,82.4,3.6,9.33,874
2017-10-08,20.4,0.0,0.7,75.4,8.9,14.79,1405
2017-10-09,20.9,0.0,0.7,75.0,10.5,14.14,1440
2017-10-10,21.6,0.0,0.6,78.3,7.2,13.34,1346
2017-10-11,21.1,0.0,1.0,72.8,2.1,6.18,593
2017-10-12,14.4,18.6,1.2,79.1,0.0,1.1,181
2017-10-13,14.3,0.0,1.1,58.9,10.4,15.39,1656
2017-10-14,15.8,0.0,1.2,50.1,6.3,11.93,1380
2017-10-15,14.7,2.8,0.8,75.8,0.5,4.86,583
2017-10-16,15.6,0.0,1.3,66.1,0.1,4.09,480
2017-10-17,14.9,0.0,0.7,75.4,3.6,7.46,899
2017-10-18,15.9,0.0,1.4,61.9,0.1,4.41,519
2017-10-19,16.6,0.0,1.2,61.4,4.8,10.58,1119
2017-10-20,15.9,0.0,0.9,68.6,9.4,13.04,1296
2017-10-21,15.7,0.0,1.4,62.9,9.8,12.83,1440
2017-10-22,17.7,0.0,3.4,45.4,9.6,12.56,1376
2017-10-23,14.9,0.0,1.4,48.4,9.3,12.95,1439
2017-10-24,11.4,0.1,0.5,76.4,3.3,5.54,747
2017-10-25,11.3,0.0,0.5,72.5,9.9,12.88,1394
2017-10-26,11.8,0.0,0.6,73.6,6.1,10.26,1226
2017-10-27,13.1,0.0,0.7,69.8,9.5,11.75,1306
2017-10-28,16.1,0.0,1.0,69.9,2.3,6.76,710
2017-10-29,15.1,0.0,2.2,48.1,9.7,11.33,1241
2017-10-30,9.0,0.0,1.4,39.9,9.8,13.55,1539
2017-10-31,8.1,0.0,0.9,58.0,9.7,12.99,1458
2017-11-01,9.9,0.0,0.7,61.9,9.7,12.53,1398
2017-11-02,11.0,0.0,0.5,74.0,9.0,9.74,1089
2017-11-03,12.1,0.0,0.8,65.5,7.3,10.05,1148
2017-11-04,8.8,0.0,1.4,51.5,9.6,12.16,1402
2017-11-05,6.7,0.0,0.6,67.4,9.5,12.2,1395
2017-11-06,8.2,0.0,0.7,71.0,9.2,11.66,1359
2017-11-07,13.0,0.0,0.6,74.9,4.7,7.01,759
2017-11-08,15.3,0.0,1.3,53.8,6.8,9.8,1234
2017-11-09,9.8,0.0,0.6,61.4,9.3,10.98,1251
2017-11-10,12.7,0.0,1.8,61.1,5.5,7.35,966
2017-11-11,8.6,0.0,1.9,36.5,9.4,11.81,1375
2017-11-12,5.6,0.0,0.6,58.9,8.8,9.79,1126
2017-11-13,8.1,0.0,0.6,68.1,5.9,8.18,813
2017-11-14,10.2,0.0,1.1,47.9,9.0,9.76,1158
2017-11-15,6.1,0.0,1.2,49.0,8.9,9.7,1104
2017-11-16,3.4,0.0,0.7,64.4,9.1,10.69,1250
2017-11-17,5.9,0.0,0.5,60.8,5.8,7.28,834
2017-11-18,5.3,0.0,2.8,28.3,8.9,10.68,1289
2017-11-19,3.4,0.0,1.7,33.3,7.8,10.45,1240
2017-11-20,4.5,0.0,0.8,43.6,9.0,10.22,1236
2017-11-21,2.7,0.0,0.7,67.6,8.9,10.7,1220
2017-11-22,6.5,0.0,1.1,60.6,2.3,5.07,562
2017-11-23,3.5,0.0,1.6,47.6,5.4,7.07,825
2017-11-24,2.3,0.0,1.9,56.1,8.7,9.43,1145
2017-11-25,2.9,0.0,0.7,70.8,7.2,8.47,1046
2017-11-26,7.2,0.0,1.2,69.1,6.3,6.87,776
2017-11-27,5.2,0.0,0.4,74.3,6.9,7.81,878
2017-11-28,8.4,0.0,0.8,77.9,5.9,6.97,770
2017-11-29,9.4,0.0,0.7,55.6,4.8,6.05,673
2017-11-30,6.1,0.0,2.3,22.1,6.3,8.64,1162
2017-12-01,1.2,0.0,1.9,31.0,8.3,10.18,1242
2017-12-02,-0.6,0.0,0.6,54.5,7.7,8.33,969
2017-12-03,2.4,0.0,0.5,68.8,8.1,9.13,806
2017-12-04,3.3,0.0,1.8,53.6,7.3,7.43,961
2017-12-05,-1.4,0.0,1.4,47.1,8.6,9.66,1199
2017-12-06,-0.2,0.0,0.7,61.1,7.5,8.93,1047
2017-12-07,2.0,0.0,1.0,64.0,5.2,5.95,669
2017-12-08,0.7,0.0,2.3,35.0,8.5,9.83,1201
2017-12-09,0.9,0.0,1.3,57.3,6.8,8.01,846
2017-12-10,3.8,1.2,1.3,69.4,4.5,5.59,808
2017-12-11,0.6,0.0,2.4,39.9,8.0,8.55,1027
2017-12-12,-2.7,0.0,2.0,30.8,8.1,9.39,1214
2017-12-13,-3.2,0.0,1.5,34.8,8.5,9.85,1220
2017-12-14,-2.9,0.0,0.5,36.1,7.4,8.06,913
2017-12-15,-0.3,0.0,0.6,37.1,7.1,8.07,934
2017-12-16,0.0,0.0,2.0,40.8,7.7,8.1,987
2017-12-17,-2.3,0.0,1.5,42.0,8.4,9.49,1198
2017-12-18,0.7,0.0,1.1,56.9,8.3,9.35,1078
2017-12-19,-0.1,0.0,1.5,51.6,8.0,9.21,1151
2017-12-20,-1.9,0.0,0.7,52.0,6.4,5.45,1154
2017-12-21,-1.1,0.0,0.6,60.1,8.4,7.11,1108
2017-12-22,-0.9,0.0,0.4,60.4,8.4,7.02,1072
2017-12-23,0.9,0.0,0.4,71.4,7.1,5.63,916
2017-12-24,5.3,12.8,1.6,67.9,1.9,1.98,312
2017-12-25,2.0,0.0,1.7,38.4,8.4,7.2,1275
2017-12-26,0.4,0.0,2.2,44.1,6.2,5.32,1003
2017-12-27,-1.4,0.0,1.4,30.8,8.5,7.4,1315
2017-12-28,-1.6,0.0,0.7,52.9,3.8,4.48,700
2017-12-29,2.1,0.0,1.0,66.3,8.1,6.09,1011
2017-12-30,1.7,0.0,0.5,75.9,0.1,1.92,323
2017-12-31,3.7,0.0,1.8,43.0,8.4,6.75,1165
2019-01-01,-1.3,0.0,0.9,50.4,7.7,10.83,1039
2019-01-02,-0.6,0.0,1.0,48.8,8.5,11.76,1177
2019-01-03,-1.8,0.0,0.4,50.0,8.5,12.46,1155
2019-01-04,-0.4,0.0,0.3,45.8,3.3,6.19,542
2019-01-05,2.3,0.0,0.8,48.0,7.4,10.56,851
2019-01-06,0.0,0.0,0.5,38.3,7.8,11.53,1147
2019-01-07,0.1,0.0,0.6,44.0,8.5,10.75,1007
2019-01-08,0.8,0.0,1.3,44.0,8.5,11.12,1047
2019-01-09,-0.4,0.0,1.0,38.8,4.8,8.81,814
2019-01-10,2.5,0.0,1.3,47.4,6.8,10.72,1121
2019-01-11,2.4,0.0,0.6,64.1,7.1,10.2,1000
2019-01-12,3.7,4.0,0.6,83.6,3.2,6.36,618
2019-01-13,1.6,0.0,0.4,76.6,7.1,10.95,1107
2019-01-14,1.2,0.0,0.4,65.9,7.9,11.27,1019
2019-01-15,2.2,0.0,1.2,55.9,7.5,9.79,953
2019-01-16,-0.8,0.0,1.5,30.1,8.8,12.95,1244
2019-01-17,0.0,0.0,1.2,51.5,8.8,13.32,1217
2019-01-18,0.7,0.0,0.5,56.6,8.8,13.35,1209
2019-01-19,3.7,0.0,0.6,61.6,4.3,8.71,759
2019-01-20,3.5,0.0,1.8,49.4,8.2,12.39,1251
2019-01-21,-0.5,0.0,0.7,55.1,9.0,13.56,1264
2019-01-22,0.5,0.0,0.6,62.3,9.0,13.1,1188
2019-01-23,1.7,0.0,0.7,55.8,9.0,12.27,1120
2019-01-24,0.8,0.0,0.6,50.9,9.0,14.36,1244
2019-01-25,0.4,0.0,1.4,45.1,3.9,8.14,677
2019-01-26,-0.3,0.0,2.2,27.6,9.2,14.24,1329
2019-01-27,-1.4,0.0,0.7,48.3,9.2,14.48,1304
2019-01-28,1.7,0.0,1.6,44.9,8.4,12.45,1067
2019-01-29,0.1,0.0,0.7,49.5,9.2,14.08,1242
2019-01-30,3.8,0.0,0.6,46.5,4.4,10.54,897
2019-01-31,0.7,9.5,1.0,71.6,0.7,2.33,198
2019-02-01,-1.0,0.0,1.0,59.5,9.4,14.94,1339
2019-02-02,1.4,0.0,0.6,65.4,9.3,14.39,1280
2019-02-03,6.8,13.5,1.2,82.5,0.1,2.27,281
2019-02-04,4.8,0.0,2.1,31.5,8.8,14.69,1315
2019-02-05,2.4,0.0,0.6,49.1,9.0,14.87,1316
2019-02-06,5.1,0.0,0.6,57.8,8.3,13.54,1199
2019-02-07,5.2,0.0,1.8,45.9,4.8,9.82,843
2019-02-08,1.7,0.0,1.3,23.9,7.9,14.05,1340
2019-02-09,1.2,0.0,1.9,28.3,7.9,13.56,1307
2019-02-10,2.1,0.0,1.0,35.5,5.6,9.93,894
2019-02-11,1.1,0.0,1.8,34.4,9.8,15.78,1453
2019-02-12,0.9,0.0,0.7,48.0,8.8,14.93,1343
2019-02-13,3.2,0.0,1.4,34.1,9.6,15.0,1340
2019-02-14,2.5,0.0,1.0,37.0,6.4,12.91,1141
2019-02-15,4.1,0.0,0.8,52.3,3.0,10.06,894
2019-02-16,1.8,0.0,1.8,44.3,8.5,15.14,1350
2019-02-17,0.7,0.0,0.8,41.1,10.1,17.37,1517
2019-02-18,2.3,0.0,0.5,44.0,0.6,6.56,612
2019-02-19,4.2,29.0,0.5,85.9,0.0,4.3,385
2019-02-20,4.5,0.0,1.3,58.5,9.6,16.61,1510
2019-02-21,4.0,0.0,0.9,57.8,9.4,16.85,1211
2019-02-22,4.2,0.0,0.4,64.0,4.0,10.16,904
2019-02-23,5.4,0.0,0.9,62.1,9.6,16.95,1432
2019-02-24,5.9,0.0,0.7,65.0,10.1,17.29,1510
2019-02-25,6.9,0.0,0.6,56.0,9.7,17.23,1471
2019-02-26,6.6,0.0,0.8,49.4,10.0,17.02,1492
2019-02-27,7.9,0.5,0.8,67.8,1.4,8.04,853
2019-02-28,8.5,0.5,0.8,64.6,8.2,15.46,1280
2019-03-01,6.7,0.0,0.7,58.8,9.5,17.65,1467
2019-03-02,7.6,0.0,0.7,63.4,8.8,13.46,1121
2019-03-03,10.2,0.0,0.8,61.0,3.4,10.3,903
2019-03-04,10.2,0.0,0.9,63.4,8.8,16.18,1339
2019-03-05,8.9,0.0,0.7,65.8,5.4,12.09,1005
2019-03-06,9.2,2.0,0.8,80.5,4.2,10.68,990
2019-03-07,7.5,0.0,1.2,62.8,9.3,16.08,1482
2019-03-08,6.7,0.0,0.8,65.8,10.6,19.92,1620
2019-03-09,8.0,0.0,0.9,69.4,9.3,16.96,1362
2019-03-10,7.1,21.0,1.2,92.4,0.0,4.04,297
2019-03-11,6.8,0.0,1.3,79.9,6.6,15.26,1285
2019-03-12,6.9,0.0,1.9,65.9,6.4,15.42,1251
2019-03-13,4.5,0.0,2.2,38.4,9.7,18.96,1601
2019-03-14,5.3,0.0,0.9,54.3,10.8,21.55,1710
2019-03-15,5.1,0.0,1.6,65.4,6.0,14.32,1080
2019-03-16,6.1,0.0,1.2,64.8,10.8,20.19,1637
2019-03-17,7.2,0.0,0.8,61.5,11.0,21.91,1745
2019-03-18,8.1,0.0,1.0,63.9,7.2,14.26,1173
2019-03-19,11.6,0.0,0.9,59.6,10.7,19.49,1522
2019-03-20,11.2,19.0,0.7,81.4,0.5,7.1,652
2019-03-21,14.6,0.0,2.0,58.4,9.4,17.11,1424
2019-03-22,9.3,0.0,1.8,40.9,10.8,23.33,1878
2019-03-23,6.3,0.0,2.1,41.8,8.7,19.32,1531
2019-03-24,4.9,0.0,1.2,55.6,11.4,24.04,1897
2019-03-25,6.0,0.0,0.9,64.9,8.2,15.15,1289
2019-03-26,9.7,0.0,0.8,59.8,10.5,22.48,1780
2019-03-27,12.3,0.0,1.6,55.5,10.7,21.14,1726
2019-03-28,12.8,0.0,1.1,68.0,9.6,19.19,1500
2019-03-29,12.7,0.0,0.9,77.0,8.8,18.32,1567
2019-03-30,11.2,0.0,2.5,53.5,9.8,20.51,1546
2019-03-31,6.6,0.0,2.2,37.8,10.8,24.3,1999
2019-04-01,6.3,0.0,1.6,42.1,10.7,23.37,1702
2019-04-02,7.7,0.0,1.4,45.6,11.4,25.03,1908
2019-04-03,8.8,0.0,1.3,33.0,11.3,25.56,1902
2019-04-04,10.9,0.0,1.4,40.3,11.2,24.92,1879
2019-04-05,12.8,0.0,1.4,48.8,11.1,21.76,1677
2019-04-06,12.6,0.0,1.2,45.5,11.3,24.05,1811
2019-04-07,11.5,0.0,0.6,82.4,1.3,6.85,583
2019-04-08,14.3,0.0,1.2,67.9,8.6,20.66,1665
2019-04-09,10.4,24.0,2.0,66.5,5.3,13.17,1066
2019-04-10,8.4,10.9,1.7,79.6,0.0,7.09,672
2019-04-11,9.1,0.0,0.8,76.5,5.8,15.08,1300
2019-04-12,10.9,0.0,1.0,63.9,9.0,23.84,1761
2019-04-13,11.5,0.0,0.9,58.4,7.2,17.11,1435
2019-04-14,12.2,0.0,1.6,54.6,3.6,10.1,793
2019-04-15,11.3,0.0,1.1,52.8,12.0,26.04,1968
2019-04-16,13.1,0.0,0.9,54.5,10.3,21.74,1706
2019-04-17,15.2,0.0,1.0,62.4,8.2,18.62,1614
2019-04-18,14.8,0.0,1.1,72.0,11.6,25.5,1978
2019-04-19,12.7,0.0,0.8,82.0,0.9,5.17,482
2019-04-20,14.0,0.0,0.9,71.5,11.8,25.45,1947
2019-04-21,16.5,0.0,0.7,74.5,7.3,16.32,1280
2019-04-22,17.5,0.0,0.9,73.5,11.1,21.01,1736
2019-04-23,14.7,8.3,0.4,90.1,0.0,5.22,510
2019-04-24,17.6,6.0,0.5,93.3,1.9,10.52,846
2019-04-25,15.2,11.1,0.7,95.4,0.1,3.72,378
2019-04-26,12.3,0.0,1.3,80.1,0.4,8.32,658
2019-04-27,12.0,0.0,1.1,71.1,11.1,24.98,1948
2019-04-28,12.0,0.1,0.8,76.5,5.5,16.54,1281
2019-04-29,11.1,54.2,0.6,94.0,0.0,2.24,240
2019-04-30,15.7,0.0,1.0,85.0,6.9,15.64,1253
2019-05-01,16.7,0.0,1.0,71.0,7.3,19.5,1649
2019-05-02,16.0,0.0,1.0,59.0,12.6,28.09,2116
2019-05-03,16.2,0.0,1.1,55.5,12.6,27.75,2081
2019-05-04,16.7,0.0,0.7,60.6,11.4,24.09,1847
2019-05-05,18.1,0.0,0.9,60.1,11.6,25.17,1939
2019-05-06,15.4,0.0,1.2,65.4,10.9,26.32,1890
2019-05-07,14.6,0.0,1.2,58.0,12.9,28.73,2181
2019-05-08,14.7,0.0,0.9,59.6,9.9,22.16,1763
2019-05-09,16.2,0.0,0.8,54.9,10.1,25.47,1860
2019-05-10,16.7,0.0,0.9,56.9,11.5,27.0,2010
2019-05-11,17.9,0.0,0.9,55.8,12.5,27.35,2074
2019-05-12,18.3,0.0,0.9,55.3,12.3,27.59,2057
2019-05-13,17.8,0.0,1.0,65.5,10.4,23.5,1870
2019-05-14,21.0,0.0,1.2,72.0,9.3,21.08,1826
2019-05-15,20.3,0.0,0.9,70.3,11.0,23.21,1769
2019-05-16,20.8,0.0,0.8,64.8,11.6,26.31,1999
2019-05-17,20.7,4.7,1.3,67.5,8.4,20.59,1662
2019-05-18,17.2,44.2,1.1,93.6,0.0,3.59,356
2019-05-19,18.6,15.7,0.5,95.0,0.0,5.69,508
2019-05-20,17.5,0.4,1.4,67.8,5.8,14.8,1073
2019-05-21,17.6,0.0,1.3,46.9,13.1,30.26,2336
2019-05-22,18.7,0.0,1.2,57.0,13.1,29.92,2313
2019-05-23,21.1,0.0,1.0,61.3,12.8,28.57,2143
2019-05-24,21.5,0.0,1.0,64.8,12.8,27.11,2053
2019-05-25,22.4,0.0,0.7,62.4,10.0,21.72,1660
2019-05-26,22.0,0.1,1.1,66.9,9.2,26.03,2060
2019-05-27,19.8,66.0,1.9,90.5,0.0,3.11,314
2019-05-28,18.8,0.0,1.5,50.8,9.6,23.89,1897
2019-05-29,19.7,0.0,1.1,54.1,13.3,29.78,2243
2019-05-30,20.3,0.0,1.1,54.4,9.9,24.24,1948
2019-05-31,17.1,1.2,1.1,76.3,8.1,22.2,1694
2019-06-01,19.0,0.0,0.9,67.3,10.3,24.55,1938
2019-06-02,20.1,0.0,0.9,65.8,12.3,25.58,1962
2019-06-03,21.5,0.0,1.0,64.9,12.7,28.11,2104
2019-06-04,22.5,0.0,1.1,71.4,12.1,27.96,2094
2019-06-05,23.9,0.0,0.9,65.9,12.5,28.01,2106
2019-06-06,21.1,21.4,1.0,82.1,7.4,18.21,1426
2019-06-07,19.0,15.8,0.7,89.3,0.2,7.34,664
2019-06-08,20.2,0.2,1.0,79.3,10.2,24.26,1558
2019-06-09,20.6,0.0,1.3,71.8,11.0,27.22,1947
2019-06-10,19.2,0.3,1.3,72.4,2.6,14.03,1206
2019-06-11,19.0,1.9,1.1,75.9,7.6,22.18,1557
2019-06-12,20.7,0.0,1.1,71.8,10.2,26.82,1773
2019-06-13,21.1,0.0,1.2,72.3,9.1,26.04,1898
2019-06-14,19.1,2.7,0.6,82.9,0.3,6.7,640
2019-06-15,21.9,0.0,1.3,67.6,10.6,26.38,1781
2019-06-16,20.9,0.0,1.1,70.8,10.0,25.41,1795
2019-06-17,21.9,0.0,1.2,73.9,8.9,23.8,1716
2019-06-18,22.3,0.0,0.9,76.0,5.3,17.17,1393
2019-06-19,22.8,0.0,1.0,77.6,8.6,22.27,1599
2019-06-20,24.2,0.0,1.1,72.3,10.8,25.05,1905
2019-06-21,24.4,0.0,1.1,69.9,11.0,25.9,2025
2019-06-22,22.3,0.5,1.2,75.4,3.7,15.64,1170
2019-06-23,21.5,6.3,1.2,71.9,11.0,27.05,1931
2019-06-24,21.9,0.0,1.1,76.3,10.2,24.89,1574
2019-06-25,23.3,0.0,1.2,71.9,12.7,27.93,2041
2019-06-26,18.5,93.7,0.5,93.4,0.0,1.98,240
2019-06-27,23.9,40.0,0.7,88.5,4.9,15.95,1018
2019-06-28,24.2,0.0,1.1,81.5,6.7,21.83,1401
2019-06-29,20.7,60.9,0.5,94.5,0.0,2.38,258
2019-06-30,23.9,0.0,0.7,86.1,4.4,18.07,1505
2019-07-01,23.8,0.3,0.7,87.1,1.2,9.36,791
2019-07-02,24.0,0.0,0.9,78.0,11.6,26.73,1986
2019-07-03,23.1,0.0,0.8,81.9,4.8,16.56,1328
2019-07-04,24.5,0.0,0.8,72.3,11.9,26.27,2003
2019-07-05,24.8,0.0,0.8,74.6,12.0,23.59,1663
2019-07-06,25.0,0.0,1.5,63.4,13.2,28.86,2114
2019-07-07,23.1,0.0,1.3,69.0,6.3,19.86,1588
2019-07-08,23.1,0.0,1.3,65.6,6.7,19.84,1715
2019-07-09,23.0,0.0,1.4,67.1,4.0,15.08,1264
2019-07-10,20.7,27.0,1.0,87.1,0.0,3.78,392
2019-07-11,24.2,0.1,1.3,80.5,6.1,19.76,1082
2019-07-12,24.3,0.0,1.1,73.4,10.4,26.45,1830
2019-07-13,22.1,0.9,0.8,87.6,3.4,10.29,779
2019-07-14,23.8,0.6,0.9,80.3,6.5,17.7,1379
2019-07-15,24.1,5.1,0.9,79.1,6.6,18.14,1429
2019-07-16,23.7,4.8,0.9,81.1,8.5,20.32,1593
2019-07-17,24.4,2.0,0.9,78.0,9.8,22.15,1730
2019-07-18,22.5,24.8,0.7,91.3,0.0,5.76,456
2019-07-19,23.5,30.7,0.7,94.5,0.0,1.78,214
2019-07-20,24.1,113.1,2.7,93.9,0.0,2.85,282
2019-07-21,25.3,24.0,2.0,87.3,2.3,12.62,1141
2019-07-22,26.8,0.0,1.1,85.1,8.8,20.6,1620
2019-07-23,27.3,0.0,1.2,82.5,9.3,21.9,1795
2019-07-24,26.3,0.0,1.2,86.3,1.6,12.29,967
2019-07-25,26.6,0.0,0.9,88.6,2.5,9.78,696
2019-07-26,27.1,0.0,1.1,87.3,2.5,13.84,945
2019-07-27,26.7,0.6,0.6,90.1,0.0,5.43,501
2019-07-28,27.7,0.0,1.5,82.6,7.1,19.42,1584
2019-07-29,27.8,0.0,1.1,81.0,11.3,23.55,1754
2019-07-30,28.5,0.0,1.4,80.4,9.7,22.15,1710
2019-07-31,28.8,0.0,1.5,79.3,11.9,26.19,1826
2019-08-01,28.4,0.0,1.1,78.6,12.5,27.19,1746
2019-08-02,28.8,0.0,0.9,77.8,12.0,25.28,1586
2019-08-03,28.5,0.0,0.7,79.1,9.8,22.72,1816
2019-08-04,29.0,0.0,0.9,73.3,11.6,24.63,1737
2019-08-05,29.0,0.0,0.7,75.4,9.7,21.67,1753
2019-08-06,26.5,7.3,1.3,78.8,2.4,10.48,893
2019-08-07,27.7,0.0,1.2,80.6,10.6,24.24,1810
2019-08-08,28.4,0.0,0.8,77.5,10.2,22.26,1692
2019-08-09,28.4,0.0,0.7,76.9,11.8,21.64,1536
2019-08-10,28.1,0.0,1.2,75.4,11.9,24.36,1647
2019-08-11,28.0,0.0,2.2,75.5,7.8,21.13,1762
2019-08-12,28.2,0.2,1.4,79.5,2.4,10.54,734
2019-08-13,28.6,2.2,0.7,81.1,8.1,20.2,1250
2019-08-14,29.4,0.6,1.6,71.8,8.9,19.47,1491
2019-08-15,28.3,0.3,1.7,75.6,3.5,12.73,802
2019-08-16,27.8,0.0,1.9,71.4,11.1,24.18,1305
2019-08-17,26.7,0.0,1.1,73.8,12.1,25.64,1853
2019-08-18,27.3,0.0,0.9,70.3,11.2,22.75,1559
2019-08-19,25.7,0.0,0.7,74.6,7.1,15.6,1457
2019-08-20,26.9,0.2,1.0,72.0,5.7,13.23,1033
2019-08-21,25.7,13.3,0.6,82.8,0.3,7.15,567
2019-08-22,26.7,29.8,1.0,87.0,4.8,10.6,640
2019-08-23,24.4,0.0,0.6,82.1,5.0,12.35,907
2019-08-24,23.3,0.0,0.6,74.4,8.9,19.64,1357
2019-08-25,22.0,0.3,0.5,84.9,0.8,8.2,680
2019-08-26,23.9,0.0,1.0,77.5,10.5,23.2,1488
2019-08-27,22.6,10.7,0.5,92.8,0.0,3.77,312
2019-08-28,23.8,0.3,0.7,88.8,1.3,8.35,701
2019-08-29,22.3,0.2,0.9,89.8,0.0,3.9,355
2019-08-30,22.7,0.0,0.7,74.6,8.4,21.85,1527
2019-08-31,22.4,0.0,0.7,77.1,7.9,19.23,1382
2019-09-01,21.4,2.3,0.5,87.8,0.2,5.55,480
2019-09-02,20.2,24.9,0.5,94.6,0.0,2.67,225
2019-09-03,21.9,95.9,0.5,94.5,0.0,4.6,423
2019-09-04,23.6,11.5,0.4,94.6,0.0,4.33,393
2019-09-05,25.2,7.0,0.6,88.3,5.6,13.89,1037
2019-09-06,26.0,1.8,1.2,85.8,1.4,10.49,906
2019-09-07,25.6,27.0,2.8,85.1,1.7,7.09,538
2019-09-08,25.1,0.2,0.6,85.8,3.7,13.73,968
2019-09-09,26.5,0.7,0.9,85.6,3.4,13.43,1040
2019-09-10,26.2,0.2,0.8,82.0,9.3,16.29,1143
2019-09-11,25.7,1.8,1.1,83.8,6.3,16.01,993
2019-09-12,20.3,0.5,1.0,88.0,0.0,4.04,410
2019-09-13,21.8,0.0,0.9,75.4,8.8,17.44,1359
2019-09-14,22.4,0.0,0.7,77.5,9.9,21.69,1466
2019-09-15,25.0,0.0,0.8,77.6,8.0,17.6,1072
2019-09-16,23.5,0.0,1.1,71.6,9.2,19.91,1405
2019-09-17,20.8,0.0,1.0,69.4,11.0,22.73,1475
2019-09-18,21.1,0.0,0.8,67.4,9.7,21.39,1438
2019-09-19,19.4,0.0,0.8,72.3,8.6,17.96,1253
2019-09-20,19.2,0.0,1.1,72.1,6.5,17.33,1199
2019-09-21,17.7,74.5,1.0,93.5,0.0,2.18,206
2019-09-22,17.8,99.2,2.7,88.4,0.0,1.88,254
2019-09-23,18.1,0.1,0.8,86.6,0.0,5.91,514
2019-09-24,18.3,0.0,0.7,79.6,8.3,19.53,1385
2019-09-25,17.7,0.0,0.6,80.4,9.2,17.05,1145
2019-09-26,20.5,0.0,0.5,81.6,8.2,17.83,1082
2019-09-27,21.7,3.4,0.6,84.6,3.9,10.51,773
2019-09-28,22.9,1.2,0.4,91.1,1.7,9.14,599
2019-09-29,24.2,0.0,0.6,86.0,7.5,16.43,1103
2019-09-30,23.5,0.0,0.7,84.8,5.1,11.44,899
2019-10-01,21.5,16.5,0.5,95.6,0.0,2.39,230
2019-10-02,21.6,139.6,1.3,94.1,0.0,0.7,92
2019-10-03,23.4,4.1,1.6,80.6,7.8,14.29,1169
2019-10-04,21.4,0.0,0.7,83.4,9.5,18.89,1199
2019-10-05,21.7,0.0,0.8,78.4,6.6,12.99,917
2019-10-06,18.3,0.0,1.2,70.6,6.7,14.24,1032
2019-10-07,15.9,7.4,0.6,90.1,0.0,3.51,322
2019-10-08,17.0,0.0,0.9,71.6,8.6,17.06,1215
2019-10-09,12.8,0.0,0.6,70.0,10.6,19.99,1394
2019-10-10,15.0,0.0,0.5,73.0,10.5,19.12,1313
2019-10-11,18.9,0.0,0.9,63.6,10.6,18.59,1292
2019-10-12,19.9,0.0,2.0,54.1,10.5,18.13,1321
2019-10-13,16.7,0.0,1.4,61.4,10.5,18.23,1310
2019-10-14,15.6,0.0,0.6,75.4,10.1,17.36,1263
2019-10-15,14.9,0.0,1.0,75.6,3.0,9.07,608
2019-10-16,13.3,0.0,0.6,76.4,9.1,16.89,1256
2019-10-17,13.5,0.0,0.7,80.8,3.6,10.02,814
2019-10-18,14.9,9.8,0.7,87.4,0.0,1.42,154
2019-10-19,17.7,0.0,0.6,80.9,7.9,16.73,1105
2019-10-20,15.7,0.0,0.6,80.1,10.0,16.77,1214
2019-10-21,14.8,0.0,0.7,78.6,10.0,16.6,592
2019-10-22,15.9,0.0,0.7,80.4,9.4,14.99,928
2019-10-23,16.1,0.0,0.5,80.3,2.5,7.78,622
2019-10-24,18.0,0.0,1.3,69.8,3.4,9.12,569
2019-10-25,17.5,0.0,0.6,78.6,7.5,13.49,985
2019-10-26,14.3,0.0,0.8,64.1,8.7,15.88,1250
2019-10-27,9.8,0.0,0.5,74.5,8.8,12.87,1050
2019-10-28,10.7,0.0,0.8,74.4,9.5,15.48,1208
2019-10-29,11.9,0.0,1.0,72.4,9.7,13.84,1061
2019-10-30,10.4,0.0,0.4,77.4,9.7,16.14,1214
2019-10-31,10.8,0.0,0.4,77.3,9.9,16.03,1190
2019-11-01,12.6,0.0,0.4,79.4,9.0,14.49,1100
2019-11-02,12.8,0.0,0.3,84.3,7.9,10.89,783
2019-11-03,13.6,0.0,0.4,80.5,7.7,12.4,952
2019-11-04,12.6,0.0,0.5,81.1,5.8,10.67,822
2019-11-05,11.8,0.0,0.5,79.5,9.1,14.43,1121
2019-11-06,10.6,0.0,0.5,75.9,9.4,14.57,1111
2019-11-07,10.9,0.0,0.6,72.9,9.2,12.49,991
2019-11-08,8.4,0.0,0.4,71.5,9.4,14.23,1102
2019-11-09,7.9,0.0,0.5,69.5,9.3,14.35,1106
2019-11-10,9.3,8.1,0.6,76.6,4.3,8.57,634
2019-11-11,12.7,0.0,1.3,68.4,8.2,12.36,1005
2019-11-12,9.4,0.0,0.5,77.9,9.0,12.7,1035
2019-11-13,10.5,0.0,1.1,68.8,0.8,5.91,447
2019-11-14,6.1,0.0,1.9,47.9,9.2,14.51,1224
2019-11-15,7.6,0.0,1.0,66.9,9.2,13.46,1100
2019-11-16,11.1,0.0,0.7,80.4,8.9,11.95,1010
2019-11-17,11.6,0.5,0.2,93.4,0.0,1.58,193
2019-11-18,11.8,12.8,1.4,64.1,0.2,4.3,374
2019-11-19,4.9,0.0,1.3,63.0,7.2,11.65,1206
2019-11-20,4.2,0.0,0.8,55.9,9.0,13.73,1171
2019-11-21,5.2,0.0,0.8,57.0,8.8,13.46,1119
2019-11-22,8.7,0.0,0.5,71.9,8.9,12.63,1059
2019-11-23,10.8,0.0,0.5,80.0,8.9,12.57,1039
2019-11-24,13.9,0.1,0.5,84.3,4.8,7.82,652
2019-11-25,9.8,0.0,1.9,56.8,1.6,6.42,528
2019-11-26,9.7,0.0,0.9,69.1,8.2,12.08,952
2019-11-27,8.2,0.0,0.8,65.3,0.2,4.73,406
2019-11-28,6.5,0.0,0.9,69.4,5.6,9.14,661
2019-11-29,3.9,0.0,0.7,60.9,8.4,12.34,1101
2019-11-30,6.1,0.0,0.5,59.1,8.7,12.25,912
2019-12-01,6.8,26.7,0.7,91.5,0.0,1.2,152
2019-12-02,5.9,0.0,1.7,54.6,8.3,11.45,1015
2019-12-03,2.1,0.0,0.7,74.9,6.8,10.36,912
2019-12-04,2.9,0.0,0.7,71.0,8.6,11.73,990
2019-12-05,2.3,0.0,1.5,56.5,8.5,11.13,1055
2019-12-06,-1.9,0.0,1.0,44.5,7.0,9.75,841
2019-12-07,-0.3,0.0,0.8,60.9,8.6,12.17,1072
2019-12-08,0.5,0.0,0.5,73.3,7.5,11.6,1029
2019-12-09,1.2,0.0,0.5,71.1,8.5,11.77,984
2019-12-10,5.1,0.0,0.5,79.8,7.8,9.53,819
2019-12-11,7.5,0.0,1.5,67.4,6.0,8.18,734
2019-12-12,2.9,0.0,0.9,45.1,8.5,12.03,1051
2019-12-13,0.5,0.0,0.4,63.4,7.8,8.89,744
2019-12-14,3.1,0.0,0.8,59.6,8.2,10.81,920
2019-12-15,4.4,0.0,0.4,69.0,7.9,10.54,913
2019-12-16,5.3,0.0,0.3,80.6,6.7,9.04,780
2019-12-17,7.3,0.0,0.5,83.3,1.1,4.52,434
2019-12-18,7.2,0.0,0.7,57.8,8.4,11.35,922
2019-12-19,4.4,0.0,1.2,47.1,7.6,10.7,977
2019-12-20,1.9,0.0,0.7,58.9,7.2,9.87,873
2019-12-21,-0.8,0.0,0.3,71.4,0.0,4.2,366
2019-12-22,1.6,0.0,0.5,72.9,2.5,5.23,348
2019-12-23,2.3,0.0,0.6,73.3,6.9,9.47,798
2019-12-24,2.2,0.0,0.4,70.9,7.5,10.45,881
2019-12-25,4.2,0.0,0.5,61.3,8.4,10.85,873
2019-12-26,4.6,1.2,0.7,72.0,0.0,1.6,169
2019-12-27,2.2,0.0,1.5,45.1,8.5,11.94,1036
2019-12-28,-0.6,0.0,0.4,65.0,8.4,12.13,973
2019-12-29,1.4,13.0,0.4,78.6,0.0,2.92,265
2019-12-30,6.0,0.6,0.4,84.1,1.8,5.6,422
2019-12-31,-1.1,0.0,2.2,35.3,8.5,12.56,1089
2020-01-01,-1.6,0.0,0.5,56.1,8.5,11.67,1039
2020-01-02,-0.3,0.0,0.3,74.0,8.5,10.78,1177
2020-01-03,0.5,0.0,0.4,71.9,8.5,11.08,1155
2020-01-04,0.9,0.0,0.6,67.4,8.0,10.67,542
2020-01-05,1.0,0.0,0.4,61.6,8.4,12.39,851
2020-01-06,3.1,13.8,0.3,85.3,0.0,1.67,1147
2020-01-07,9.9,40.3,0.9,93.6,0.0,1.59,1007
2020-01-08,7.4,0.0,3.1,66.4,3.8,5.99,1047
2020-01-09,3.1,0.0,0.8,63.9,8.1,10.11,814
2020-01-10,0.7,0.0,0.4,70.6,8.6,11.71,1121
2020-01-11,2.9,0.0,0.5,66.4,8.6,11.71,1000
2020-01-12,2.4,0.0,0.9,60.5,8.6,11.97,618
2020-01-13,-0.2,0.0,0.6,68.8,8.2,12.02,1107
2020-01-14,0.6,0.0,0.8,58.9,4.5,7.92,1019
2020-01-15,-0.4,0.0,0.7,63.9,8.7,13.11,953
2020-01-16,0.6,0.0,0.6,52.8,6.8,10.53,1244
2020-01-17,1.9,0.0,0.4,51.1,7.7,9.76,1217
2020-01-18,1.7,0.0,0.6,51.6,8.1,11.88,1209
2020-01-19,1.1,0.0,0.6,65.9,5.3,9.38,759
2020-01-20,0.7,0.0,0.7,66.9,8.7,12.12,1251
2020-01-21,0.6,0.0,0.7,53.0,8.9,14.67,1264
2020-01-22,3.5,20.1,0.5,76.0,0.0,1.39,1188
2020-01-23,6.7,7.9,0.6,93.4,0.3,5.1,1120
2020-01-24,5.8,0.0,0.6,77.4,7.1,11.08,1244
2020-01-25,6.0,0.0,0.5,82.4,0.1,5.01,677
2020-01-26,7.3,0.0,1.1,72.4,3.5,7.09,1329
2020-01-27,5.9,22.8,1.7,89.6,0.0,1.18,1304
2020-01-28,8.2,0.3,1.2,70.4,0.0,5.48,1067
2020-01-29,6.6,0.5,0.7,81.6,0.8,6.14,1242
2020-01-30,5.2,0.0,0.8,72.6,5.2,9.9,897
2020-01-31,2.3,0.0,0.6,73.1,8.5,13.79,198
2020-02-01,2.0,0.0,0.8,70.3,9.1,13.62,1339
2020-02-02,2.3,0.0,0.5,74.1,9.0,12.71,1280
2020-02-03,1.6,0.0,0.7,65.0,8.4,13.74,281
2020-02-04,0.3,0.0,0.7,60.9,9.5,15.96,1315
2020-02-05,-0.1,0.0,2.2,35.5,9.6,16.18,1316
2020-02-06,-1.6,0.0,1.1,31.5,8.6,13.91,1199
2020-02-07,2.3,0.0,0.7,40.9,8.5,12.61,843
2020-02-08,2.7,0.0,1.6,49.3,9.6,15.32,1340
2020-02-09,0.7,0.0,0.7,50.4,9.7,16.22,1307
2020-02-10,2.6,0.0,0.7,64.5,9.4,14.07,894
2020-02-11,5.4,0.0,0.6,62.9,8.9,13.13,1453
2020-02-12,8.6,20.8,0.6,93.9,0.0,2.4,1343
2020-02-13,8.3,0.0,0.7,85.1,7.8,14.0,1340
2020-02-14,9.2,0.0,0.5,73.6,9.6,15.95,1141
2020-02-15,10.0,0.5,0.7,76.4,5.2,11.08,894
2020-02-16,5.0,4.0,1.8,64.0,3.9,8.61,1350
2020-02-17,-0.3,0.0,2.9,51.1,6.3,13.12,1517
2020-02-18,0.4,0.0,1.1,48.3,10.2,18.41,612
2020-02-19,3.1,0.0,0.6,54.9,9.9,16.63,385
2020-02-20,5.4,0.0,0.6,58.9,9.9,16.84,1510
2020-02-21,7.0,1.3,0.8,70.4,8.8,16.19,1211
2020-02-22,8.3,0.5,2.0,52.9,10.0,17.63,904
2020-02-23,3.6,0.0,0.9,59.1,10.1,19.03,1432
2020-02-24,6.7,0.6,0.7,66.0,8.9,16.35,1510
2020-02-25,8.1,17.1,0.8,94.5,0.0,1.12,1471
2020-02-26,9.4,0.0,0.9,79.1,5.5,13.15,1492
2020-02-27,7.3,0.0,1.1,67.6,4.3,11.47,853
2020-02-28,5.2,1.3,0.5,84.5,0.0,2.6,1280
2020-02-29,6.5,0.0,0.7,83.1,2.9,9.23,1467
2020-03-01,8.9,0.0,0.9,74.1,3.8,12.13,1121
2020-03-02,7.7,0.0,1.6,43.6,9.8,19.34,903
2020-03-03,6.9,0.0,0.6,67.6,5.5,11.4,1339
2020-03-04,6.2,0.0,1.8,52.0,9.1,19.1,1005
2020-03-05,3.3,0.0,1.2,46.8,10.7,20.44,990
2020-03-06,4.1,0.0,0.8,57.5,10.8,20.58,1482
2020-03-07,4.5,3.9,0.6,86.6,0.7,6.75,1620
2020-03-08,7.4,0.0,0.8,75.1,10.5,20.63,1362
2020-03-09,8.0,7.4,0.4,85.0,0.6,6.79,297
2020-03-10,9.0,10.3,1.0,79.3,0.0,3.7,1285
2020-03-11,4.8,0.0,1.5,56.6,10.7,22.38,1251
2020-03-12,6.0,0.0,1.0,56.8,10.8,22.04,1601
2020-03-13,9.3,0.0,0.8,52.6,8.6,18.23,1710
2020-03-14,7.4,0.0,2.2,24.1,10.9,22.91,1080
2020-03-15,6.0,0.0,2.9,46.1,8.6,17.76,1637
2020-03-16,5.6,0.0,1.4,42.8,10.9,22.67,1745
2020-03-17,9.3,0.0,1.6,54.4,10.8,20.85,1173
2020-03-18,9.4,0.0,0.9,58.8,10.9,22.23,1522
2020-03-19,12.1,0.0,2.9,50.1,10.6,20.3,652
2020-03-20,10.6,0.0,1.9,36.6,11.2,22.46,1424
2020-03-21,12.3,0.0,1.3,62.3,10.8,20.3,1878
2020-03-22,13.6,0.0,1.2,75.1,9.9,18.86,1531
2020-03-23,11.6,0.0,1.4,46.6,11.4,22.95,1897
2020-03-24,9.6,0.0,0.8,56.8,11.0,22.29,1289
2020-03-25,11.2,0.0,0.9,58.9,11.2,22.45,1780
2020-03-26,10.8,18.6,0.4,88.8,0.0,2.26,1726
2020-03-27,14.6,0.9,0.7,79.6,4.1,10.68,1500
2020-03-28,8.7,0.0,0.8,59.3,0.0,8.74,1567
2020-03-29,9.0,0.0,1.2,65.8,8.9,20.93,1546
2020-03-30,11.4,0.0,0.9,64.3,11.2,21.67,1999
2020-03-31,11.4,0.0,0.7,65.9,11.3,22.41,1702
2020-04-01,13.6,0.4,1.3,46.8,6.0,15.89,1908
2020-04-02,9.7,0.0,0.8,44.6,10.8,22.96,1902
2020-04-03,10.8,0.0,0.9,47.9,11.1,23.81,1879
2020-04-04,10.9,0.0,1.3,42.1,11.3,24.45,1677
2020-04-05,7.5,0.0,0.7,43.8,11.3,25.91,1811
2020-04-06,9.3,0.0,0.7,51.1,10.5,24.31,583
2020-04-07,13.0,0.0,0.8,51.3,11.2,22.03,1665
2020-04-08,12.1,0.0,1.0,37.3,11.4,24.65,1066
2020-04-09,10.2,0.0,0.8,42.0,11.3,23.62,672
2020-04-10,9.5,0.0,0.5,65.8,0.0,4.97,1300
2020-04-11,9.2,4.2,0.5,79.3,0.4,8.97,1761
2020-04-12,9.3,4.4,1.2,73.0,5.3,10.67,1435
2020-04-13,9.9,0.0,1.3,49.6,10.5,22.14,793
2020-04-14,11.8,0.0,0.0,54.8,11.8,26.2,1968
2020-04-15,11.3,0.0,0.5,54.9,8.7,17.99,1706
2020-04-16,11.4,0.0,0.8,68.1,11.7,24.69,1614
2020-04-17,10.7,28.9,0.3,90.8,0.0,2.47,1978
2020-04-18,14.1,0.0,0.7,70.3,11.4,26.32,482
2020-04-19,10.8,30.0,0.7,90.3,0.1,4.14,1947
2020-04-20,13.6,0.0,1.7,68.5,9.5,23.32,1280
2020-04-21,11.4,0.0,2.1,36.9,11.2,26.8,1736
2020-04-22,8.1,0.0,2.1,40.6,11.5,26.92,510
2020-04-23,8.1,0.0,1.6,51.0,12.4,27.73,846
2020-04-24,10.4,0.0,2.0,42.3,12.4,28.19,378
2020-04-25,14.4,0.0,1.8,58.8,12.2,25.56,658
2020-04-26,13.7,0.0,1.2,52.4,11.7,27.69,1948
2020-04-27,12.7,0.0,0.8,50.8,11.5,24.33,1281
2020-04-28,12.4,0.0,0.7,54.3,12.5,27.66,240
2020-04-29,14.6,0.0,0.9,51.4,12.6,27.62,1253
2020-04-30,16.0,0.0,1.2,68.0,12.6,27.94,1649
2020-05-01,20.7,0.0,1.4,74.1,12.2,25.73,2116
2020-05-02,19.2,1.3,0.8,81.5,4.4,15.22,2081
2020-05-03,16.8,29.5,0.4,94.9,0.0,4.02,1847
2020-05-04,20.8,0.0,0.6,81.0,10.2,24.07,1939
2020-05-05,17.7,0.0,0.6,81.1,0.9,7.84,1890
2020-05-06,19.1,0.0,1.0,63.5,12.6,27.78,2181
2020-05-07,16.2,0.0,1.2,53.5,12.6,28.19,1763
2020-05-08,15.7,0.0,0.7,66.6,9.3,22.0,1860
2020-05-09,17.0,45.9,1.0,92.6,0.0,3.29,2010
2020-05-10,18.1,0.0,1.1,72.1,9.3,23.37,2074
2020-05-11,19.6,0.0,0.6,58.8,12.6,28.76,2057
2020-05-12,19.4,0.0,2.3,44.3,12.7,27.36,1870
2020-05-13,17.1,0.0,0.9,51.8,12.7,29.29,1826
2020-05-14,17.2,0.0,0.6,55.3,9.4,21.61,1769
2020-05-15,15.0,17.8,0.3,91.9,0.0,2.45,1999
2020-05-16,19.4,0.8,0.4,84.8,7.0,21.23,1662
2020-05-17,19.3,0.0,0.9,82.6,7.8,21.27,356
2020-05-18,17.8,13.6,0.6,89.0,0.0,4.86,508
2020-05-19,14.3,0.0,1.7,75.5,6.6,17.06,1073
2020-05-20,15.8,0.0,0.9,72.3,7.5,24.66,2336
2020-05-21,16.1,0.0,0.9,75.8,5.6,17.05,2313
2020-05-22,16.5,0.0,0.9,72.9,11.3,24.93,2143
2020-05-23,17.4,0.0,1.1,72.4,13.0,28.7,2053
2020-05-24,19.7,0.0,1.0,80.3,5.5,18.18,1660
2020-05-25,19.4,0.0,0.5,74.4,4.1,17.67,2060
2020-05-26,19.1,0.0,0.6,78.0,6.0,17.66,314
2020-05-27,19.8,0.0,0.8,63.3,12.0,28.26,1897
2020-05-28,19.5,0.0,0.9,66.5,13.1,28.61,2243
2020-05-29,20.2,0.0,0.8,65.5,12.1,27.99,1948
2020-05-30,19.8,0.0,0.7,61.8,4.0,17.05,1694
2020-05-31,19.8,1.2,0.7,73.8,4.0,18.23,1938
2020-06-01,22.1,0.0,1.1,63.1,11.9,27.17,1962
2020-06-02,20.2,0.0,0.9,56.6,12.7,29.94,2104
2020-06-03,21.4,0.0,0.9,77.3,6.1,20.51,2094
2020-06-04,24.2,0.0,1.0,76.6,10.2,26.91,2106
2020-06-05,24.1,0.0,0.9,72.3,10.4,23.12,1426
2020-06-06,22.5,2.5,0.9,77.9,5.2,18.19,664
2020-06-07,22.6,0.0,0.8,71.3,10.3,25.85,1558
2020-06-08,23.1,0.0,0.7,63.6,13.0,28.59,1947
2020-06-09,24.2,0.0,0.8,67.6,13.1,29.42,1206
2020-06-10,24.7,0.4,0.9,75.8,10.4,25.34,1557
2020-06-11,24.8,3.2,0.8,85.9,4.8,17.84,1773
2020-06-12,24.6,11.2,0.9,87.5,5.0,18.63,1898
2020-06-13,23.1,39.6,0.6,91.9,0.6,9.64,640
2020-06-14,24.4,11.6,1.2,90.9,4.1,13.21,1781
2020-06-15,23.6,0.0,0.8,75.1,12.0,28.37,1795
2020-06-16,23.9,0.0,0.8,64.9,13.2,28.86,1716
2020-06-17,21.5,0.5,0.6,77.9,4.8,16.24,1393
2020-06-18,18.1,38.5,0.7,95.9,0.0,3.73,1599
2020-06-19,22.3,2.2,1.1,77.1,8.3,24.97,1905
2020-06-20,22.3,0.0,0.6,80.4,5.8,17.62,2025
2020-06-21,22.3,0.0,0.9,78.8,9.9,24.86,1170
2020-06-22,22.9,0.0,1.2,76.4,11.7,29.15,1931
2020-06-23,23.4,0.0,0.8,75.1,10.7,28.16,1574
2020-06-24,22.0,26.9,0.3,92.8,0.0,5.89,2041
2020-06-25,22.9,2.9,0.8,94.9,0.0,7.24,240
2020-06-26,24.4,0.0,1.0,76.4,12.0,29.37,1018
2020-06-27,24.2,0.0,0.6,82.1,7.3,20.7,1401
2020-06-28,25.8,0.0,0.8,78.5,11.7,28.2,258
2020-06-29,21.8,92.6,1.0,92.3,0.0,4.96,1505
2020-06-30,22.7,2.1,2.9,77.0,8.7,26.48,791
2020-07-01,22.3,0.0,0.8,77.4,6.2,18.61,1986
2020-07-02,21.6,0.0,0.6,81.4,5.8,15.12,1328
2020-07-03,19.5,10.4,0.8,91.4,0.0,4.98,2003
2020-07-04,21.1,0.0,0.5,84.5,1.1,13.16,1663
2020-07-05,22.2,0.0,0.5,83.8,4.0,16.67,2114
2020-07-06,22.0,0.0,0.3,92.8,0.0,5.14,1588
2020-07-07,24.6,0.0,1.0,84.9,9.6,24.76,1715
2020-07-08,24.9,0.0,0.9,80.3,9.4,23.96,1264
2020-07-09,22.6,2.6,1.1,90.6,0.5,9.32,392
2020-07-10,23.9,62.6,1.0,91.6,3.7,12.73,1082
2020-07-11,24.7,0.0,1.1,87.3,2.9,15.78,1830
2020-07-12,20.9,71.0,0.9,95.1,0.0,4.07,779
2020-07-13,19.3,121.1,0.6,98.9,0.0,3.36,1379
2020-07-14,20.2,7.9,1.0,96.3,0.0,6.85,1429
2020-07-15,19.5,7.5,0.5,97.8,0.0,6.36,1593
2020-07-16,22.0,0.0,0.8,83.1,8.9,24.37,1730
2020-07-17,22.7,0.0,0.9,81.9,8.9,23.65,456
2020-07-18,22.1,0.0,0.7,84.8,1.7,13.39,214
2020-07-19,23.3,6.6,0.7,94.1,0.0,5.3,282
2020-07-20,26.3,0.7,1.4,88.0,4.2,14.18,1141
2020-07-21,25.2,8.3,0.7,84.4,6.0,18.14,1620
2020-07-22,23.4,36.1,0.5,95.3,0.0,5.43,1795
2020-07-23,22.5,102.8,1.2,96.8,0.0,2.75,967
2020-07-24,21.1,9.3,1.2,92.5,0.0,3.21,696
2020-07-25,21.6,5.2,0.5,95.6,0.1,6.92,945
2020-07-26,23.7,0.0,0.9,81.3,10.8,26.09,501
2020-07-27,22.0,41.4,0.5,94.9,0.0,4.72,1584
2020-07-28,24.4,21.9,0.7,94.9,0.7,10.02,1754
2020-07-29,24.4,23.7,0.4,95.6,0.3,6.66,1710
2020-07-30,24.6,48.4,0.8,93.8,3.2,9.48,1826
2020-07-31,26.2,0.0,0.8,88.3,6.5,18.24,1746
2020-08-01,26.6,0.0,0.9,85.1,5.9,18.52,1586
2020-08-02,27.4,0.0,1.3,84.6,5.3,17.79,1816
2020-08-03,27.2,0.0,1.2,84.9,2.4,14.3,1737
2020-08-04,27.4,0.0,1.0,85.8,8.3,21.08,1753
2020-08-05,27.1,26.6,1.1,90.4,2.3,12.96,893
2020-08-06,26.9,11.8,1.6,89.3,0.2,5.83,1810
2020-08-07,25.4,90.3,0.8,95.0,0.0,4.13,1692
2020-08-08,25.3,107.5,1.1,94.4,0.0,2.83,1536
2020-08-09,27.4,1.1,1.6,84.6,9.2,21.88,1647
2020-08-10,25.8,68.9,1.2,95.3,0.0,4.73,1762
2020-08-11,26.5,21.9,1.2,89.8,3.0,9.37,734
2020-08-12,27.8,1.8,1.0,88.6,3.1,12.22,1250
2020-08-13,28.0,0.0,1.2,84.5,8.3,20.7,1491
2020-08-14,28.7,0.0,1.5,82.5,12.1,22.83,802
2020-08-15,29.2,0.0,1.3,79.4,12.5,25.5,1305
2020-08-16,28.4,0.0,1.0,81.5,11.3,25.36,1853
2020-08-17,28.3,0.0,0.8,81.3,10.1,25.08,1559
2020-08-18,28.5,0.0,0.9,79.5,12.2,25.53,1457
2020-08-19,28.3,0.0,0.7,78.5,12.3,25.98,1033
2020-08-20,28.4,0.0,0.8,77.4,12.3,25.89,567
2020-08-21,27.5,0.0,0.9,80.8,8.2,21.78,640
2020-08-22,26.7,0.0,0.8,79.1,4.1,14.2,907
2020-08-23,26.6,0.0,0.8,79.5,8.4,19.55,1357
2020-08-24,27.1,0.0,0.8,79.1,11.5,23.42,680
2020-08-25,28.0,0.0,1.0,77.8,10.5,20.38,1488
2020-08-26,27.4,8.3,2.1,85.0,4.9,12.4,312
2020-08-27,27.3,14.6,1.4,88.8,3.3,13.48,701
2020-08-28,26.7,0.8,0.5,90.1,4.1,10.59,355
2020-08-29,27.2,0.9,0.8,86.9,8.5,20.03,1527
2020-08-30,27.8,0.0,0.9,83.8,8.6,22.61,1382
2020-08-31,26.6,2.2,1.1,81.9,2.2,10.34,480
2020-09-01,26.0,0.0,0.8,79.6,4.1,13.67,225
2020-09-02,25.2,49.9,1.4,91.0,0.0,3.75,423
2020-09-03,25.8,50.5,3.9,66.6,10.5,22.83,393
2020-09-04,22.6,0.0,0.9,81.3,9.8,21.67,1037
2020-09-05,19.9,7.3,0.6,92.9,0.0,3.47,906
2020-09-06,20.3,7.9,1.6,89.1,0.0,4.26,538
2020-09-07,22.2,49.9,3.3,81.1,1.8,9.55,968
2020-09-08,24.3,0.5,1.8,79.9,8.5,17.25,1040
2020-09-09,22.5,10.8,0.9,85.6,6.8,15.36,1143
2020-09-10,22.9,10.5,0.6,82.9,7.9,18.58,993
2020-09-11,21.8,3.3,0.8,88.5,0.6,6.82,410
2020-09-12,21.2,2.4,1.3,82.4,1.6,9.95,1359
2020-09-13,20.5,0.4,0.5,86.8,1.0,9.86,1466
2020-09-14,22.1,0.0,0.6,83.0,6.8,18.36,1072
2020-09-15,22.8,0.0,0.6,80.0,9.8,18.78,1405
2020-09-16,21.4,1.8,0.4,91.6,0.1,5.86,1475
2020-09-17,20.6,3.7,0.3,92.6,0.1,5.42,1438
2020-09-18,18.9,1.1,0.6,87.6,1.7,9.29,1253
2020-09-19,18.6,0.0,1.0,74.5,10.1,18.84,1199
2020-09-20,18.2,0.0,0.9,71.8,10.7,22.09,206
2020-09-21,17.5,0.0,0.8,71.1,10.5,19.86,254
2020-09-22,17.6,0.0,1.0,75.6,4.4,12.48,514
2020-09-23,19.1,0.0,1.1,70.5,1.2,9.66,1385
2020-09-24,20.2,0.0,1.4,70.8,4.5,13.41,1145
2020-09-25,19.9,0.0,0.9,74.6,7.1,14.86,1082
2020-09-26,18.9,0.0,0.8,73.8,8.5,18.24,773
2020-09-27,18.4,0.0,0.9,75.5,8.7,16.65,599
2020-09-28,17.0,0.0,0.7,76.0,10.6,20.53,1103
2020-09-29,17.0,0.0,0.6,78.1,10.1,18.67,899
2020-09-30,18.9,0.0,0.8,72.8,9.3,17.61,230
2020-10-01,19.3,0.0,0.8,75.4,9.7,19.11,92
2020-10-02,19.5,0.0,0.8,82.1,8.5,17.49,1169
2020-10-03,20.6,0.0,0.7,77.4,5.7,14.62,1199
2020-10-04,19.5,0.2,0.6,82.8,1.8,9.27,917
2020-10-05,15.9,0.0,1.8,52.1,10.5,20.46,1032
2020-10-06,15.1,0.0,0.8,62.1,10.5,20.29,322
2020-10-07,17.4,0.0,1.2,60.5,10.1,19.19,1215
2020-10-08,18.2,0.0,2.4,57.0,9.8,18.16,1394
2020-10-09,18.8,0.0,2.2,53.1,9.6,17.7,1313
2020-10-10,18.3,0.0,1.2,64.4,4.3,12.28,1292
2020-10-11,16.2,0.0,0.8,72.8,8.4,16.57,1321
2020-10-12,17.2,0.0,0.8,73.0,9.2,17.23,1310
2020-10-13,14.2,0.0,0.8,63.1,7.7,15.67,1263
2020-10-14,13.4,0.0,0.7,63.5,5.6,11.97,608
2020-10-15,14.0,0.0,1.0,50.1,9.6,17.72,1256
2020-10-16,12.1,0.0,0.4,73.6,0.4,5.27,814
2020-10-17,14.2,0.0,0.6,71.3,9.3,16.84,154
2020-10-18,13.6,0.0,0.5,72.0,9.9,16.1,1105
2020-10-19,12.8,0.0,0.6,69.4,9.7,16.09,1214
2020-10-20,12.8,0.0,0.6,68.9,10.0,17.19,592
2020-10-21,13.4,27.6,0.4,85.0,1.0,5.23,928
2020-10-22,14.8,0.8,0.6,77.6,1.3,7.44,622
2020-10-23,11.1,0.0,1.4,53.1,10.0,17.77,569
2020-10-24,9.4,0.0,0.8,63.5,10.0,17.18,985
2020-10-25,10.8,0.0,0.6,74.0,9.1,16.1,1250
2020-10-26,11.4,0.0,0.5,74.0,9.3,15.81,1050
2020-10-27,11.7,0.0,0.4,73.8,9.7,14.5,1208
2020-10-28,12.7,0.0,0.4,80.9,4.2,7.97,1061
2020-10-29,10.5,0.0,0.6,65.0,9.9,15.63,1214
2020-10-30,10.7,0.0,0.5,69.1,9.9,15.15,1190
2020-10-31,9.9,0.0,0.4,75.4,9.0,13.88,1100
2020-11-01,11.7,0.4,0.4,82.9,0.1,3.59,783
2020-11-02,11.8,1.9,0.5,79.6,5.3,9.82,952
2020-11-03,7.3,0.0,2.0,57.0,9.5,15.3,822
2020-11-04,5.3,0.0,0.6,64.6,9.5,15.74,1121
2020-11-05,7.5,0.0,0.4,63.5,8.0,12.28,1111
2020-11-06,11.0,0.0,0.4,74.4,0.1,4.16,991
2020-11-07,12.8,0.0,0.4,77.9,5.9,11.36,1102
2020-11-08,10.2,0.0,1.3,51.0,9.3,13.9,1106
2020-11-09,8.0,0.0,1.7,42.9,9.3,14.91,634
2020-11-10,7.8,0.0,0.7,56.8,9.4,14.22,1005
2020-11-11,6.4,0.0,0.6,63.8,9.3,13.92,1035
2020-11-12,7.5,0.0,0.5,72.5,9.2,13.81,447
2020-11-13,8.4,0.0,0.4,74.4,9.2,12.8,1224
2020-11-14,9.8,0.0,0.4,82.3,8.1,10.66,1100
2020-11-15,10.3,0.0,0.4,79.6,9.0,12.9,1010
2020-11-16,11.3,0.0,0.5,73.4,8.4,12.39,193
